pmid,title,journal,publication_date,phd_relevance,research_priority_category,evidence_strength,genes,why_this_paper_matters,direction_needs_review,confidence_overall
41467422,Targeting innovative therapeutic approaches to the hallmarks of aging to combat Alzheimer's disease.,Neural regeneration research,2025-12-30,peripheral,Peripheral,unclear,unclear,unclear,True,low
41489261,TCAB1: a key promoter of tumor growth through telomere maintenance and senescence evasion.,"Cell cycle (Georgetown, Tex.)",2026-01-05,unclear,Moderate,unclear,TCAB1,unclear,False,low
41988659,The complex relationship between oxidative stress and aging: new perspectives on similarities and differences.,Critical reviews in clinical laboratory sciences,2026-04-16,unclear,Moderate,unclear,unclear,unclear,False,low
42061603,Long-chain chlorinated paraffins (LCCPs) exposure induces testicular aging damage by triggering mitochondrial dysfunction.,Toxicology,2026-04-28,unclear,High,moderate,"TFEB, p16, p21","This paper provides critical insights into how LCCPs exposure triggers testicular senescence through mitochondrial dysfunction and lysosomal impairment, offering potential targets for mitigating environmental toxicant impacts on male reproductive health.",False,high
42105620,Transcriptome and metabolome analysis reveals that cuproptosis in bovine cumulus cells triggers the intercellular transmission of senescence and mitochondrial dysfunction to impair oocyte quality.,Theriogenology,2026-05-05,unclear,Moderate,moderate,"AKT3, MORC3, RBL1, TGFB2, SIRT1, CHEK2, FBXO5, CCNB3, PLK1, PPM1D, DNMT3B, KMT2A","This paper provides key insights into how cuproptosis in bovine cumulus cells can trigger senescence and mitochondrial dysfunction, leading to impaired oocyte maturation. The findings have implications for understanding reproductive health and potential interventions for female infertility.",True,high
42105790,FMO1 disrupts mitochondrial functional homeostasis through ROS-mediated mechanisms to drive chondrocyte senescence and hypertrophy.,Free radical biology & medicine,2026-05-07,unclear,Moderate,moderate,"FMO1, Drp1, Mfn1, Mfn2",unclear,False,medium
42162843,Nanoplastic exposure induces mitochondrial dysfunction-driven inflammation and senescence in renal tubular epithelial cells.,Free radical biology & medicine,2026-05-19,direct,High,strong,Pgc1a,"This paper identifies mitochondrial dysfunction as a central mechanism in nanoplastic-induced renal inflammation and senescence, providing a therapeutic target via PGC1α activation for mitigating kidney damage from nanoplastic exposure. The mechanistic dissociation between inflammation and senescence offers insights into the complex pathophysiology of nanoplastic toxicity in the kidney, with potential applications in environmental health and regenerative medicine.",True,high
42167416,ALDH2 alleviates diabetes-induced myocardial cell senescence and electrical remodeling by regulating SIRT1.,Free radical biology & medicine,2026-05-20,supporting,Moderate,moderate,"ALDH2, SIRT1","This paper identifies a specific molecular pathway (ALDH2/SIRT1) that regulates mitochondrial homeostasis in diabetes-induced cardiomyocyte senescence, providing a potential therapeutic target for reducing cardiac arrhythmias in diabetic patients. However, it focuses on a single disease context (diabetes) and does not provide multi-omics data for broader senescence analysis.",True,medium
42250782,"Ferro-aging: A novel paradigm linking iron overload, lipid peroxidation and cellular senescence.",Free radical biology & medicine,2026-06-06,unclear,Moderate,unclear,unclear,unclear,False,low
42295784,Engineered Exosomal miR-146a-5p Reprograms BMSC Fate and Restores Mitochondrial Homeostasis in Glucocorticoid-Induced Osteonecrosis of Femoral Head.,"Advanced science (Weinheim, Baden-Wurttemberg, Germany)",2026-06-15,direct,High,moderate,"TRAF6, NF-κB",Unclear,True,medium
42296967,"The senescence-stiffening loop: Extracellular matrix remodeling, hypoperfusion, and mitochondrial dysfunction drive tissue aging.",Cell metabolism,2026-06-15,supporting,Moderate,unclear,unclear,"This paper identifies mitochondrial dysfunction as a critical driver of cellular senescence in the context of tissue aging, providing a potential therapeutic target for maintaining vascular integrity and mitochondrial health during aging. However, the study is primarily theoretical and does not provide experimental evidence for mitochondrial dysfunction mechanisms.",False,medium
42327492,Neonatal muscle-derived extracellular vesicles containing miR-542-3p rejuvenate aged skeletal muscle via a functional microneedle patch.,Bioactive materials,2026-06-13,unclear,Moderate,unclear,"Asxl2, PPARγ, Eef1a1, AMPK",unclear,False,medium
42365779,Sirtuin 3 alleviates ovarian granulosa cell senescence through regulating mitochondrial quality control.,Theriogenology,2026-06-25,direct,High,strong,SIRT3,"This paper demonstrates a direct link between SIRT3 and mitochondrial quality control in granulosa cells, showing how SIRT3 downregulation contributes to senescence in aged ovarian follicles through impaired mitophagy, elevated ROS, and increased mitochondrial fragmentation. This finding is critical for understanding the mechanisms of follicular development and potential interventions for age-related reproductive decline.",False,high
42365869,miR-205-5p accelerates lung fibroblast senescence in IPF patients via mediation of mitochondrial dynamics.,Mitochondrion,2026-06-28,direct,High,strong,MTFR1L,"This paper identifies miR-205-5p as a critical regulator of cellular senescence in lung fibroblasts from IPF patients via mediation of mitochondrial dynamics, providing a potential target for therapeutic intervention in IPF.",True,high
42385795,A critical role for mitochondrial dynamics in cigarette smoke condensate-induced RPE senescence.,Free radical biology & medicine,2026-07-01,direct,High,strong,"DRP1, PGAM5","This paper identifies impaired DRP1-dependent mitochondrial remodeling as a key mechanism linking cigarette smoke condensate exposure to RPE senescence in AMD, suggesting that modulating RPE mitochondrial dynamics could be a therapeutic strategy for delaying AMD progression. The study provides mechanistic insights into how mitochondrial dynamics affect RPE senescence and oxidative stress, with potential applications in developing targeted interventions for AMD.",False,high
42391447,Acylglycerol Kinase Sensitizes Glioblastoma to Temozolomide via Limiting Mitochondrial Damage Related Cellular Senescence.,Molecular carcinogenesis,2026-07-02,direct,High,moderate,AGK,"This paper identifies AGK as a regulator of mitochondrial ROS and membrane potential in GBM cells, linking its upregulation to poor prognosis. The study demonstrates that AGK suppression induces cellular senescence via mitochondrial dysfunction, which paradoxically enhances TMZ resistance. Targeting AGK and senescence represents a promising strategy to improve TMZ therapy for GBM patients with poor prognosis.",True,high
42413386,A dual-engineered chondrocyte-targeting tetrahedral DNA-based nanoparticle for improved delivery of metformin and alleviation in osteoarthritis.,Biomaterials,2026-07-06,unclear,Moderate,unclear,unclear,"This work presents a targeted therapeutic strategy for osteoarthritis by improving metformin delivery to chondrocytes, which restores mitochondrial function and reduces cellular senescence in an in vivo rat model. It demonstrates the potential of tetrahedral DNA-based nanoparticles for targeted drug delivery in osteoarthritis treatment.",True,low
42429052,Endocrine‑metabolic imbalance drives osteoarthritis: From whole‑joint pathobiology to precision therapy (Review).,International journal of molecular medicine,2026-07-10,not_relevant,Moderate,unclear,unclear,unclear,False,low
42431471,ASAP3 deficiency alleviates hepatic senescence and correlates with extended healthspan in mice.,Free radical biology & medicine,2026-07-10,direct,High,strong,ASAP3,"This paper identifies ASAP3 as a novel regulator of hepatic aging, linking actin cytoskeleton dynamics to mitochondrial function and autophagy. The findings provide a potential target for interventions to extend healthspan and improve metabolic health in aging populations.",True,high
42442011,Immuno-metabolic reprogramming in pulmonary fibrosis: Emerging therapeutic targets beyond inflammation.,International immunopharmacology,2026-07-13,peripheral,Peripheral,unclear,unclear,"This review discusses mitochondrial dysfunction and cellular senescence as contributing factors to pulmonary fibrosis but does not provide experimental evidence on mitochondrial dysfunction in cellular senescence, making it peripheral to the specific research focus of mitochondrial dysfunction in cellular senescence.",False,low
42442596,PFDA exposure promotes myocardial aging and fibrosis via hyperactivation of the MTORC1 signaling axis.,Food and chemical toxicology : an international journal published for the British Industrial Biological Research Association,2026-07-13,unclear,Moderate,moderate,unclear,"This paper provides experimental evidence that PFDA exposure exacerbates cardiomyocyte senescence and activates cardiac fibroblasts through mechanisms that include mitochondrial dysfunction, inflammation promotion, and hyperactivation of the MTORC1 signaling cascade. This research highlights the role of environmental pollutants in age-related cardiac diseases and provides a potential target for therapeutic interventions to mitigate the effects of PFDA exposure on cardiac health.",False,low
42468575,Palmitoylation in cardiovascular aging and disease: Mechanistic insights and therapeutic opportunities.,Ageing research reviews,2026-07-17,peripheral,Peripheral,unclear,unclear,unclear,False,low
42473972,Engineering biomaterial-mediated delivery for osteoarthritis: targeting aging mechanisms to reestablish joint homeostasis.,Nanoscale,2026-08-20,peripheral,Peripheral,unclear,unclear,unclear,False,low
42479464,Microbiome-derived metabolites shape CD4+ T cell differentiation and immune aging in HIV-1 infection.,JCI insight,2026-07-21,supporting,Moderate,moderate,"p16, p21","This paper demonstrates a microbiome-derived axis that reshapes CD4+ T cell metabolism and promotes immune aging in HIV-1 infection through mitochondrial dysfunction and senescence. While the study provides insights into mitochondrial dysfunction in a specific context of senescence, it does not directly investigate cellular senescence in a model system outside of HIV-1 infection, making it supportive but not primary for the PhD research focus on mitochondrial dysfunction in cellular senescence.",False,medium
42498093,Impaired mitochondrial quality control and stress signalling machinery modulate senescence induction by genotoxic challenge.,Cellular signalling,2026-07-24,direct,High,strong,"HtrA2, Chop, Pink1","This paper is significant because it identifies the first mechanism by which mitochondrial quality control and integrated stress response regulate senescence induction in response to genotoxic stress, providing a foundation for developing targeted therapies to prevent or treat age-related diseases and cancer treatment side effects.",True,high
42501526,Low-frequency pulsed electromagnetic fields inhibit the NETs/PADI4/MFN2 axis to ameliorate BMSC senescence in the treatment of rheumatoid arthritis.,"Pathology, research and practice",2026-07-13,unclear,Moderate,unclear,unclear,unclear,True,low
42501684,Cadmium induces renal injury via a BMAL1-dependent inflammatory and senescence cascade: Attenuation by Lycium barbarum polysaccharide and melatonin.,Ecotoxicology and environmental safety,2026-07-25,supporting,Moderate,moderate,BMAL1,"This paper provides evidence that cadmium exposure induces mitochondrial dysfunction and cellular senescence in the kidney, with BMAL1 acting as a key regulator. The findings suggest that targeting BMAL1 signaling with LBP and MT could mitigate Cd-induced renal damage, offering potential therapeutic strategies for cadmium toxicity. However, the study does not integrate multi-omics data to fully characterize mitochondrial dynamics and dysfunction-related hub molecules, limiting its applicability to broader mitochondrial research contexts.",False,medium
42519021,Exercise-induced mitochondrial remodeling in energy-demanding organs during aging.,iScience,2026-07-15,unclear,Moderate,unclear,unclear,unclear,False,low
42521026,"Complosome as a key modulator of cellular senescence, aging and age-related diseases.",Ageing research reviews,2026-07-29,unclear,Moderate,unclear,unclear,unclear,True,low
42526698,Inhibition of ETS1/DRP1 axis attenuates intervertebral disc degeneration by suppressing excessive mitochondrial fission.,Cellular signalling,2026-07-29,unclear,Moderate,strong,"ETS1, DRP1","This paper identifies a novel pathogenic mechanism (ETS1/DRP1 axis) in intervertebral disc degeneration, providing potential therapeutic targets for IVDD. The findings demonstrate how inflammatory cytokines drive NPC senescence through ETS1-mediated DRP1 activation, leading to mitochondrial dysfunction and ECM degradation. This mechanism offers a new approach for treating IVDD by targeting the ETS1/DRP1 axis.",False,high
42537338,Histone deacetylase inhibition alters mRNA expression of cell cycle- and senescence-associated genes in primary equine chondrocytes.,Research in veterinary science,2026-07-28,unclear,Moderate,moderate,"CDK4, pRb, p16INK4a, FOXO",This paper contributes to the discussion on using HDAC inhibitors as therapeutic agents for damaged articular cartilage by identifying transcriptional responses associated with senescence in equine chondrocytes.,True,medium
42543123,Brain aging clocks: From methodological advances to cellular mechanisms.,Experimental gerontology,2026-08-02,peripheral,Peripheral,unclear,unclear,"The paper discusses mitochondrial decline as part of accelerated brain aging but does not provide direct experimental evidence on mitochondrial dysfunction in cellular senescence, making it peripheral to the PhD research focus on multi-omics analysis of mitochondrial dysfunction in cellular senescence.",True,low
42545731,"Oxidative stress, aging, metabolism, SIRT1, and the gut microbiota: the neurocardiac basis of cognitive loss.",Medical gas research,2026-08-03,unclear,Moderate,unclear,SIRT1,unclear,True,low
42551124,FABP5 drives silica-induced myofibroblast senescence and pulmonary fibrosis through a FASN/UCP2 metabolic-mitochondrial axis.,Redox biology,2026-07-31,peripheral,High,strong,"FABP5, FASN, UCP2","This paper identifies a novel FABP5/FASN/UCP2 metabolic-mitochondrial axis that drives silica-induced senescence, with implications for therapeutic targeting of silicosis and other oxidative stress-driven fibrotic diseases.",False,high
42559700,"Hyper-aging in systemic sclerosis: linking genome instability, mitochondrial dysfunction, and inflammaging to fibrosis.",Current opinion in rheumatology,2026-08-06,supporting,Moderate,unclear,unclear,"This review provides context for mitochondrial dysfunction in systemic sclerosis (SSc), linking it to inflammaging and fibrosis through the cGAS-STING pathway. While it identifies mitochondrial stress as a key factor in SSc, it does not provide direct experimental evidence of mitochondrial dysfunction in human tissues or specific pathways. The review highlights the potential for therapeutic strategies targeting mitochondrial dysfunction in SSc, but further experimental validation is needed to confirm these mechanisms in human patients.",False,medium
42562239,FOXO3 counteracts oxidative stress-induced nucleus pulposus cell senescence via BNIP3-mediated mitophagy in intervertebral disc degeneration.,Free radical biology & medicine,2026-08-06,direct,High,moderate,"FOXO3, BNIP3","This paper identifies FOXO3 as a critical regulator of mitochondrial quality control and NP cell senescence in IVDD, providing a potential therapeutic target for intervertebral disc degeneration through the FOXO3-BNIP3-mitophagy axis. The findings have direct relevance to understanding and treating age-related disc degeneration and could inform novel therapeutic strategies targeting senescence in musculoskeletal disorders.",True,medium
42572701,The Immunometabolic Bridge: Targeting Metainflammation to Prevent the Transition from Obesity to Cardiovascular Disease.,Journal of inflammation research,2026-08-05,peripheral,Peripheral,unclear,unclear,"The paper proposes a conceptual framework linking metainflammation, mitochondrial dysfunction, and cellular senescence to the transition from obesity to cardiovascular disease, offering potential clinical strategies. However, it does not provide detailed mitochondrial dysfunction data or analysis that would be relevant to the specific PhD objectives.",True,low
42572842,Alterations of actin in aging.,Journal of cell science,2026-08-10,not_relevant,Moderate,unclear,unclear,unclear,False,low
42573875,Chronic subdural hematoma through the hallmarks of aging: a geroscience framework for the commonest neurosurgical condition of older adults.,GeroScience,2026-08-10,peripheral,Peripheral,unclear,unclear,"The paper provides a geroscience framework for chronic subdural hematoma (CSDH) that identifies mitochondrial dysfunction as having weak inferential support, but it lacks direct experimental evidence on mitochondrial dysfunction in cellular senescence.",False,low
42576130,Preserving joint healthspan in knee osteoarthritis: a geroscience-guided review of non-surgical therapies and genicular artery embolization.,GeroScience,2026-08-10,peripheral,Peripheral,unclear,,"This paper provides a narrative review that discusses cellular senescence and mitochondrial dysfunction as part of the broader context of knee osteoarthritis, but it does not provide experimental data on mitochondrial dysfunction in cellular senescence. Therefore, it is peripheral to the PhD research focus on multi-omics analysis of mitochondrial dysfunction in cellular senescence.",False,low
42579356,Mitochondrial Inflammation and Muscle Aging: Targeting the Inflammatory Microenvironment in Sarcopenic Muscle.,Aging and disease,2026-08-03,unclear,Moderate,unclear,unclear,unclear,False,low
42586389,PRMT6 drives hearing loss by promoting asymmetric arginine dimethylation-mediated FOXG1 degradation and suppressing mitophagy.,Experimental gerontology,2026-08-12,unclear,High,strong,"PRMT6, FOXG1","This paper identifies a novel mechanism by which PRMT6 drives cochlear aging through FOXG1 degradation and mitophagy inhibition, providing a potential therapeutic target for age-related hearing loss.",True,high
42589194,"Mitochondria-Targeted Natural-Derived Compounds in Cellular Senescence: Mechanisms, Therapeutic Potential, and Future Directions.",Biology,2026-08-06,supporting,Moderate,unclear,unclear,"The paper provides a critical review of mitochondrial dysfunction in cellular senescence, highlighting key mechanisms such as metabolic shifts, mitophagy failure, ROS escalation, and mitochondrial DNA leakage, which are central to the PhD's focus. It also discusses natural compounds that target these mechanisms and delivery strategies to enhance their efficacy, offering valuable context for the multi-omics analysis of mitochondrial dysfunction in senescent cells.",True,low
42589618,Senescence Markers and Associated Transcriptomic Changes Are Expressed at Early Stages of Alzheimer's Neuropathology but Are Not Independently Related to Dementia.,International journal of molecular sciences,2026-08-03,direct,High,moderate,"p21, p16, γH2Ax, H3K9me3","This paper demonstrates that senescence markers are expressed in early Alzheimer's disease, suggesting a potential role in early pathogenesis, but does not establish a direct link to dementia status or mitochondrial dysfunction mechanisms.",False,medium
42598138,MnO2-armored human embryonic stem cell exosomes delay intervertebral disc degeneration via synergistic antioxidant defense and regenerative signal delivery.,Materials today. Bio,2026-07-30,unclear,Moderate,moderate,TP53,"This paper introduces a novel catalytic scavenging-bioremediation strategy using MnO2-armored exosomes to address oxidative stress in intervertebral disc degeneration, which has implications for mitochondrial health and senescence in degenerative diseases.",True,medium
42606684,Long-chain chlorinated paraffins exposure induces premature ovarian failure by disrupting the balance of mitochondrial fission.,Molecular and cellular biochemistry,2026-08-17,methodological,Moderate,strong,"Drp1, Parkin","This paper provides direct experimental evidence for the mechanism by which LCCPs mediate ovarian toxicity via excessive mitochondrial fragmentation, mtDNA leakage, and cGAS-STING pathway activation, which drives granulosa cell senescence. This mechanism is relevant for assessing the risks of persistent organic pollutants to female reproductive health.",False,high
42609608,Targeting cellular senescence through nutritional senotherapeutics in brain aging and neurodegenerative diseases.,Frontiers in nutrition,2026-08-03,unclear,Moderate,unclear,unclear,unclear,True,low
42617903,Mitochondrial dysfunction in ifosfamide-induced nephrotoxicity: Mechanisms and possible interventions.,European journal of pharmacology,2026-08-19,peripheral,Peripheral,unclear,unclear,unclear,False,low
42617978,Aging in the air we breathe: Mechanisms and consequences of air pollution exposure for biological aging.,Ageing research reviews,2026-08-19,peripheral,Peripheral,unclear,,"This paper is relevant for understanding how air pollution contributes to biological aging, including the potential impact on cellular senescence. However, it does not provide direct evidence on mitochondrial dysfunction in cellular senescence, which is the focus of the PhD objectives. The paper emphasizes the importance of air quality improvements for slowing biological aging but does not delve into the specific molecular mechanisms of mitochondrial dysfunction in senescence.",False,low
42621049,The dual role of the cGAS-STING signaling pathway in kidney diseases: from acute injury to chronic fibrosis - molecular mechanisms and precision therapeutic strategies.,Frontiers in pharmacology,2026-08-05,unclear,Moderate,unclear,unclear,unclear,True,low
42623148,An Adiponectin Receptor Agonist Dispersed via Nonencapsulative Exosomes Alleviates Aging-Associated Cardiac Dysfunction.,ACS applied materials & interfaces,,peripheral,Peripheral,unclear,unclear,"This paper identifies a therapeutic candidate for aging-related cardiac dysfunction through restoration of mitochondrial-endoplasmic reticulum homeostasis and alleviation of oxidative stress, but does not directly address mitochondrial dysfunction in cellular senescence as per the research objectives.",True,low
42624448,Novel SIRT1 up-regulator F1462 attenuates endothelial cell senescence and vascular aging by promoting mitochondrial biogenesis via activating the SIRT1/PGC-1α/TFAM pathway.,European journal of pharmacology,2026-08-20,methodological,Critical,strong,"SIRT1, PGC-1α, TFAM","This paper demonstrates a novel therapeutic strategy for vascular aging by targeting mitochondrial dysfunction and senescence through the SIRT1/PGC-1α/TFAM pathway, with strong experimental validation in both in vitro and in vivo models.",False,high
42625807,PDHA1 Hyperactivation Orchestrates Metabolic Reprogramming Promoting Endothelial Senescence.,"Research (Washington, D.C.)",2026-08-20,unclear,Moderate,moderate,PDHA1,unclear,False,medium
42627104,hTERT Immortalization Stabilizes Human Umbilical Cord MSCs and Maintains Their Small Extracellular Vesicles With Preserved Immunomodulatory Activity and Primordial Follicle-Activating Capacity.,Aging cell,,unclear,Moderate,moderate,hTERT,"This paper demonstrates that hTERT overexpression can alleviate cellular senescence and preserve the functional properties of sEVs, providing a potential strategy for stabilizing sEVs derived from senescent cells for aging-related and regenerative applications.",True,high
42627996,"Mitochondrial dysfunction, metabolic quiescence and premature senescence in CMT4B3 fibroblasts.",Human molecular genetics,,unclear,Moderate,moderate,"MTMR5/SBF1, PI3K/AKT, AKT, p53, p21",unclear,True,high
42628192,Perfluorodecanoic Acid (PFDA) induces ovarian toxicity and premature aging via mitochondrial dysfunction.,Tissue & cell,2026-08-13,direct,Moderate,moderate,unclear,"This paper provides new experimental evidence on PFDA's reproductive toxicity and impact on ovarian aging, contributing to risk assessment and intervention strategies for this environmental pollutant.",False,medium
42635645,Formononetin attenuates cellular senescence through a FOS-mediated mechanism.,Biogerontology,2026-08-24,peripheral,Peripheral,moderate,"FOS, p53, Rb-1","The paper identifies a potential mechanism for reversing senescence using formononetin, but does not focus on mitochondrial dysfunction as a core feature of senescence, limiting its direct relevance to the PhD research focus on mitochondrial dysfunction in senescence.",True,low
42643667,Ambient PM2.5 Induced Pulmonary Vascular Remodeling via MSC-Mediated Cellular Senescence in Pulmonary Arterial Endothelial Cells.,"Environment & health (Washington, D.C.)",2026-04-16,supporting,Moderate,moderate,NDUFB3,"This paper provides a causal mechanism linking PM2.5-induced mitochondrial dysfunction to cellular senescence in pulmonary arterial endothelial cells via MSC-mediated regulation of NDUFB3, offering potential therapeutic targets for pulmonary vascular diseases. However, it lacks comprehensive multi-omics integration and conserved mitochondrial dysfunction signatures across datasets.",False,medium
42645669,"The Reductive Stress Nexus: Integrated Pathways of Metabolic Dysregulation, Senescence and Blood-Brain Barrier Failure in Neurodegenerative Disease and Brain Aging.",Cell biochemistry and biophysics,2026-08-26,peripheral,Peripheral,unclear,unclear,unclear,False,low
42650270,"A Pyrazole-Based Small Molecule, KB3409, Restores Mitochondrial Function via VCP Activation and RCN2-Dependent Ca2+ Regulation.","Antioxidants (Basel, Switzerland)",2026-08-13,supporting,High,unclear,"VCP, RCN2","This paper identifies a novel mechanism for restoring mitochondrial function and reversing senescence phenotypes through VCP activation and RCN2-dependent Ca2+ regulation, providing a potential therapeutic target for age-related diseases.",True,medium
42650821,Mechanisms of Obesity-Related Kidney Disease: From Adipose Depot Biology to the Chymase-Aldosterone and Ghrelin-Leptin Axes.,Biomolecules,2026-08-08,unclear,Moderate,unclear,unclear,unclear,True,low
42650863,"Pyrroloquinoline Quinone (PQQ) as a Mitochondrial Rejuvenation Strategy in Aesthetic Dermatology: Mechanisms, Therapeutic Potential, and Future Clinical Applications.",Biomolecules,2026-08-17,peripheral,Peripheral,unclear,unclear,unclear,True,low
42652250,Ferroptosis-Senescence Crosstalk in Sepsis-Associated Acute Lung Injury: Mechanisms and Therapeutic Opportunities.,Biomedicines,2026-08-21,unclear,Moderate,unclear,unclear,unclear,False,medium
42654174,Food-Derived Omega-3 Fatty Acids and Cognitive Aging: Integrating Nutritional Neuroscience and Geroscience.,Nutrients,2026-08-07,peripheral,Peripheral,unclear,unclear,unclear,True,low
42663794,The organellar biology of aging: A mitochondrial vantage.,Molecular biology reports,2026-08-28,peripheral,Peripheral,unclear,"PARP1, SIRT1, PGC-1α","This paper highlights the role of mitochondrial dysfunction in aging and its connections to other organelles, but it does not provide experimental evidence for mitochondrial dysfunction in cellular senescence models. The paper is therefore peripheral to the specific focus on cellular senescence and mitochondrial processes in the context of the phd objectives.",False,low
42670888,Hypoxia-Induced Lactylation of NSUN3 Promotes m5C Methylation of SETD2 to Regulate Peripheral Nerve Injury Repair.,Journal of the peripheral nervous system : JPNS,,unclear,Moderate,strong,"SETD2, NSUN3","This paper identifies a novel lactate-mediated pathway that mitigates cellular senescence and improves mitochondrial function in peripheral nerve injury, offering potential therapeutic targets for nerve repair strategies. The findings bridge metabolic regulation and mitochondrial health in a disease context with clinical relevance for peripheral nerve injury treatment.",True,high
42676148,Near-Infrared Imaging of Senescence-Associated β-Galactosidase Enables Discovery of a Glycerol-3-Phosphate Dehydrogenase 2-Regulated Neuroprotective Pathway in Alzheimer's Disease.,ACS sensors,2026-08-26,direct,High,strong,GPD2,"This paper identifies GPD2 as a critical regulator of neuronal senescence in Alzheimer's disease, with implications for developing metabolic therapies targeting mitochondrial dysfunction and senescence in neurodegenerative diseases.",False,high
42679742,Mangiferin attenuates UV-B-induced premature senescence through suppression of mitochondrial ROS and restoration of mitochondrial dynamics in human dermal fibroblasts and BALB/c mice.,Bioorganic chemistry,2026-08-29,supporting,Moderate,unclear,unclear,"This paper demonstrates the role of Mangiferin in mitigating UV-B-induced premature senescence through mitochondrial ROS quenching and restoration of mitochondrial dynamics, providing potential therapeutic strategies for photoaging.",True,low
42682802,Broccoli-licorice-passionflower blend improves mitochondrial function and exerts senotherapeutic effects.,Food science and biotechnology,2026-08-08,peripheral,Peripheral,unclear,"SIRT1, AMPK, PGC-1α, Bax, caspase",unclear,True,low
42683053,Spatial niche remodeling of senescent liver-resident immune cells and its role in chronic liver diseases.,Frontiers in medicine,2026-08-18,unclear,Moderate,unclear,"p53, p21, p16, rb","This paper provides a framework for understanding senescence in liver-resident immune cells across chronic liver disease spectrum, highlighting mitochondrial dysfunction as a key driver of senescence via mtDNA leakage and SASP, with implications for senotherapeutic strategies in liver diseases.",False,low
42690451,Stress biology and metabolic ageing in older adults during prolonged crises: Ukraine as an example.,Biogerontology,2026-09-03,peripheral,Peripheral,unclear,,unclear,True,low
42692941,"Acute Kidney Injury-to-Chronic Kidney Disease Transition: Clinical Evidence, Pathophysiologic Mechanisms, and Emerging Role of Traditional Chinese Medicine.",Seminars in nephrology,2026-09-03,unclear,Moderate,unclear,unclear,unclear,False,low
42695018,Mitophagy and Cellular Homeostasis in Kidney Diseases: Mechanisms and Potential Therapeutics.,International journal of biological sciences,2026-08-12,unclear,Moderate,unclear,unclear,unclear,False,low
42697334,"Posttranslational Oxidation of SOD1 and Skin Aging: Evidence, Gaps, and Future Directions.",Ageing research reviews,2026-09-04,peripheral,Peripheral,unclear,unclear,unclear,False,low
42698274,Secreted Frizzled-Related Protein 2 (SFRP2) Induces Follistatin-Like 1 (FSTL1) to Regulate Dihydrotestosterone (DHT)-Induced Dermal Papilla Cell Mitochondrial Dysfunction and Senescence.,Aging cell,,unclear,Moderate,unclear,"SFRP2, FSTL1","This paper identifies SFRP2 and FSTL1 as key mediators in androgen-induced cellular dysfunction, suggesting that disrupting the SFRP2-FSTL1 axis could offer a promising therapeutic strategy for androgenetic alopecia (AGA).",False,low
42707763,Repair and regeneration across the lifespan: an ontogenetic perspective.,Frontiers in aging,2026-08-24,peripheral,Peripheral,unclear,unclear,unclear,False,low
42710703,Senotherapeutic Potential of Anti-Diabetic Medications: Bridging Type 2 Diabetes and Accelerated Aging.,Pharmacological research,2026-09-08,peripheral,Peripheral,unclear,unclear,unclear,True,low
42710873,SIRT3-dependent mitochondrial redox homeostasis protects against age-related tendon degeneration.,Bone & joint research,2026-09-09,unclear,Moderate,moderate,"SIRT3, SOD2, Keap1, Nrf2, HO-1","SIRT3 is a critical regulator of mitochondrial redox homeostasis in aging tendons, with potential therapeutic implications for age-related tendon degeneration.",False,medium
42711289,CAFs-mediated histone lactylation reprograms cholesterol metabolism in colorectal cancer to drive CD8+ T cell immunosuppression.,The Journal of pathology,2026-09-08,peripheral,Moderate,unclear,"DHCR7, CYP51A1",unclear,False,low
42712045,3D Culture Reverses Limbal Niche Cell Replicative Aging via FOSL1 Upregulation.,Aging cell,,direct,High,strong,FOSL1,"This paper demonstrates a novel strategy to reverse replicative aging in human limbal niche cells through FOSL1-mediated enhancement of mitochondrial function, offering a potential microenvironment-based approach for corneal regenerative therapies without the need for genetic manipulation or exogenous cell sources. The mechanistic link between FOSL1 and mitochondrial function provides a direct pathway for targeting senescence in adult stem cells, which has significant implications for regenerative medicine and aging research.",True,high
