pmid,title,O1_conserved_signature_level,O1_conserved_signature_matches,O2_multiomics_integration_level,O2_modalities,O3_hub_gene_level,O3_hub_gene_matches,O4_core_mito_process_level,O4_core_mito_process_matches,O5_mechanistic_connection_level,O5_mechanistic_sentence_count,O5_strong_causal_sentence_count,O5_connected_sentence_count,O5_relational_mechanistic_sentence_count,O5_title_connected,O5_title_strong_mechanistic,O5_title_relational_mechanism,objective_feature_engine_version,biological_vocabulary_version,objective_feature_status
42413386,A dual-engineered chondrocyte-targeting tetrahedral DNA-based nanoparticle for improved delivery of metformin and alleviation in osteoarthritis.,0,,0,,0,,0,,0,0,0,0,0,0,0,0,1.0,1.0,canonical_candidate
42526698,Inhibition of ETS1/DRP1 axis attenuates intervertebral disc degeneration by suppressing excessive mitochondrial fission.,0,,0,,2,DNM1L; DRP1,1,mitochondrial fission,3,1,1,2,1,0,0,0,1.0,1.0,canonical_candidate
41489261,TCAB1: a key promoter of tumor growth through telomere maintenance and senescence evasion.,0,,0,,0,,0,,2,0,0,0,0,0,0,0,1.0,1.0,canonical_candidate
42628756,Dapagliflozin attenuates cellular senescence and mitochondrial dysfunction in diabetic kidney disease: potential involvement of AMPK/Sirt3 signaling.,0,,0,,0,,2,mitochondrial dynamics; mitochondrial membrane potential,2,0,0,2,0,1,0,0,1.0,1.0,canonical_candidate
42562239,FOXO3 counteracts oxidative stress-induced nucleus pulposus cell senescence via BNIP3-mediated mitophagy in intervertebral disc degeneration.,0,,1,transcriptomics,0,,2,mitochondrial membrane potential; mitochondrial quality control; mitophagy,3,1,0,3,1,1,1,1,1.0,1.0,canonical_candidate
42556484,The role and mechanisms of the cGAS-STING signaling pathway in age-related pathophysiological processes: challenges and therapeutic strategies.,0,,0,,1,DRP1,0,,3,1,0,1,1,0,0,0,1.0,1.0,canonical_candidate
42498093,Impaired mitochondrial quality control and stress signalling machinery modulate senescence induction by genotoxic challenge.,0,,0,,1,PINK1,2,mitochondrial quality control; mitophagy,2,2,0,3,0,1,0,0,1.0,1.0,canonical_candidate
42365869,miR-205-5p accelerates lung fibroblast senescence in IPF patients via mediation of mitochondrial dynamics.,0,,0,,0,,2,mitochondrial dynamics; mitochondrial fission,2,2,0,2,0,1,0,0,1.0,1.0,canonical_candidate
42327492,Neonatal muscle-derived extracellular vesicles containing miR-542-3p rejuvenate aged skeletal muscle via a functional microneedle patch.,0,,0,,0,,0,,2,2,0,2,0,0,0,0,1.0,1.0,canonical_candidate
42155175,A sono-piezoelectric scaffold prompts disc regeneration by activating Ca2+/CaMKII/Parkin-mediated mitophagy.,0,,1,transcriptomics,1,PINK1,2,mitochondrial quality control; mitophagy,3,0,0,1,1,0,0,0,1.0,1.0,canonical_candidate
42365779,Sirtuin 3 alleviates ovarian granulosa cell senescence through regulating mitochondrial quality control.,0,,1,transcriptomics,0,,2,mitochondrial quality control; mitophagy,2,2,1,3,0,1,0,0,1.0,1.0,canonical_candidate
42598138,MnO2-armored human embryonic stem cell exosomes delay intervertebral disc degeneration via synergistic antioxidant defense and regenerative signal delivery.,0,,0,,0,,1,mitochondrial membrane potential,2,0,0,0,0,0,0,0,1.0,1.0,canonical_candidate
42586389,PRMT6 drives hearing loss by promoting asymmetric arginine dimethylation-mediated FOXG1 degradation and suppressing mitophagy.,0,,0,,0,,2,mitochondrial membrane potential; mitophagy,2,1,1,1,0,0,0,0,1.0,1.0,canonical_candidate
42562163,Acute lung injury in the context of aging: Pathogenetic mechanisms and therapeutic strategies.,0,,0,,0,,0,,2,1,1,1,0,0,0,0,1.0,1.0,canonical_candidate
42551124,FABP5 drives silica-induced myofibroblast senescence and pulmonary fibrosis through a FASN/UCP2 metabolic-mitochondrial axis.,0,,0,,0,,0,,2,0,0,1,0,0,0,0,1.0,1.0,canonical_candidate
42543123,Brain aging clocks: From methodological advances to cellular mechanisms.,0,,0,,0,,0,,0,0,0,0,0,0,0,0,1.0,1.0,canonical_candidate
42537338,Histone deacetylase inhibition alters mRNA expression of cell cycle- and senescence-associated genes in primary equine chondrocytes.,2,consistent,1,transcriptomics,0,,1,mitochondrial homeostasis,2,0,0,0,0,0,0,0,1.0,1.0,canonical_candidate
42521026,"Complosome as a key modulator of cellular senescence, aging and age-related diseases.",0,,0,,0,,0,,2,0,0,1,0,0,0,0,1.0,1.0,canonical_candidate
42501526,Low-frequency pulsed electromagnetic fields inhibit the NETs/PADI4/MFN2 axis to ameliorate BMSC senescence in the treatment of rheumatoid arthritis.,0,,0,,1,MFN2,0,,2,1,0,1,0,0,0,0,1.0,1.0,canonical_candidate
42468575,Palmitoylation in cardiovascular aging and disease: Mechanistic insights and therapeutic opportunities.,0,,0,,0,,0,,2,1,0,1,0,0,0,0,1.0,1.0,canonical_candidate
42442596,PFDA exposure promotes myocardial aging and fibrosis via hyperactivation of the MTORC1 signaling axis.,0,,0,,0,,1,mitochondrial membrane potential,2,1,0,1,0,0,0,0,1.0,1.0,canonical_candidate
42442011,Immuno-metabolic reprogramming in pulmonary fibrosis: Emerging therapeutic targets beyond inflammation.,0,,0,,0,,0,,2,0,0,1,0,0,0,0,1.0,1.0,canonical_candidate
42431471,ASAP3 deficiency alleviates hepatic senescence and correlates with extended healthspan in mice.,0,,0,,0,,2,mitochondrial ROS; mitochondrial membrane potential,2,1,1,1,0,0,0,0,1.0,1.0,canonical_candidate
42385795,A critical role for mitochondrial dynamics in cigarette smoke condensate-induced RPE senescence.,0,,0,,1,DRP1,2,mitochondrial biogenesis; mitochondrial dynamics; mitochondrial fission; mitophagy,3,2,1,4,1,1,0,1,1.0,1.0,canonical_candidate
41467422,Targeting innovative therapeutic approaches to the hallmarks of aging to combat Alzheimer's disease.,0,,0,,0,,0,,1,0,0,1,0,0,0,0,1.0,1.0,canonical_candidate
42105620,Transcriptome and metabolome analysis reveals that cuproptosis in bovine cumulus cells triggers the intercellular transmission of senescence and mitochondrial dysfunction to impair oocyte quality.,0,,2,transcriptomics; metabolomics,0,,0,,2,0,0,0,0,1,0,0,1.0,1.0,canonical_candidate
42710873,SIRT3-dependent mitochondrial redox homeostasis protects against age-related tendon degeneration.,0,,0,,0,,0,,2,0,0,0,0,0,0,0,1.0,1.0,canonical_candidate
42711289,CAFs-mediated histone lactylation reprograms cholesterol metabolism in colorectal cancer to drive CD8+ T cell immunosuppression.,0,,0,,0,,0,,3,2,0,2,1,0,0,0,1.0,1.0,canonical_candidate
42710703,Senotherapeutic Potential of Anti-Diabetic Medications: Bridging Type 2 Diabetes and Accelerated Aging.,0,,0,,0,,1,mitochondrial homeostasis,2,1,0,2,0,0,0,0,1.0,1.0,canonical_candidate
42697334,"Posttranslational Oxidation of SOD1 and Skin Aging: Evidence, Gaps, and Future Directions.",0,,1,proteomics,0,,0,,1,0,0,1,0,0,0,0,1.0,1.0,canonical_candidate
42692941,"Acute Kidney Injury-to-Chronic Kidney Disease Transition: Clinical Evidence, Pathophysiologic Mechanisms, and Emerging Role of Traditional Chinese Medicine.",0,,0,,0,,0,,2,0,0,0,0,0,0,0,1.0,1.0,canonical_candidate
42690451,Stress biology and metabolic ageing in older adults during prolonged crises: Ukraine as an example.,0,,0,,0,,0,,2,1,0,1,0,0,0,0,1.0,1.0,canonical_candidate
42680955,"Frailty assessment in naturally aged mouse models: classification, limitations, and future directions.",0,,0,,0,,0,,2,1,0,1,0,0,0,0,1.0,1.0,canonical_candidate
42623148,An Adiponectin Receptor Agonist Dispersed via Nonencapsulative Exosomes Alleviates Aging-Associated Cardiac Dysfunction.,0,,1,transcriptomics,0,,0,,0,0,0,0,0,0,0,0,1.0,1.0,canonical_candidate
42717261,NAD+ Metabolic Reprogramming Drives CD8+ T Cells Senescence and Exacerbates Ulcerative Colitis.,0,,1,transcriptomics,0,,0,,2,1,1,1,0,0,0,0,1.0,1.0,canonical_candidate
42712045,3D Culture Reverses Limbal Niche Cell Replicative Aging via FOSL1 Upregulation.,0,,1,transcriptomics,0,,1,mitochondrial membrane potential,2,0,0,0,0,0,0,0,1.0,1.0,canonical_candidate
42698274,Secreted Frizzled-Related Protein 2 (SFRP2) Induces Follistatin-Like 1 (FSTL1) to Regulate Dihydrotestosterone (DHT)-Induced Dermal Papilla Cell Mitochondrial Dysfunction and Senescence.,0,,0,,0,,0,,2,2,1,2,0,1,0,0,1.0,1.0,canonical_candidate
42682802,Broccoli-licorice-passionflower blend improves mitochondrial function and exerts senotherapeutic effects.,0,,0,,0,,1,mitophagy,2,0,0,0,0,0,0,0,1.0,1.0,canonical_candidate
42670888,Hypoxia-Induced Lactylation of NSUN3 Promotes m5C Methylation of SETD2 to Regulate Peripheral Nerve Injury Repair.,0,,0,,0,,1,mitochondrial biogenesis,2,1,1,1,0,0,0,0,1.0,1.0,canonical_candidate
42639736,DHCR24 Alleviates DNA Damage in Senescent Vascular Endothelial Cells via ENKUR/Ca2+ Signaling.,0,consistent,1,transcriptomics,0,,1,mitochondrial homeostasis,2,1,0,1,0,0,0,0,1.0,1.0,canonical_candidate
42627104,hTERT Immortalization Stabilizes Human Umbilical Cord MSCs and Maintains Their Small Extracellular Vesicles With Preserved Immunomodulatory Activity and Primordial Follicle-Activating Capacity.,2,consistent,1,proteomics,0,,1,mitochondrial homeostasis,2,1,0,1,0,0,0,0,1.0,1.0,canonical_candidate
42501684,Cadmium induces renal injury via a BMAL1-dependent inflammatory and senescence cascade: Attenuation by Lycium barbarum polysaccharide and melatonin.,0,,0,,0,,1,mitochondrial homeostasis,2,1,0,2,0,0,0,0,1.0,1.0,canonical_candidate
42468696,Manganese overload as a previously underappreciated trigger of cellular senescence: Unraveling mechanisms and therapeutic rescue by the senolytic quercetin.,0,,0,,0,,0,,2,1,0,1,0,0,0,0,1.0,1.0,canonical_candidate
42464641,From cell to disease: Regulatory networks and mechanisms of super‑enhancers in aging (Review).,0,,0,,0,,0,,2,0,0,1,0,0,0,0,1.0,1.0,canonical_candidate
42429052,Endocrine‑metabolic imbalance drives osteoarthritis: From whole‑joint pathobiology to precision therapy (Review).,0,,0,,0,,0,,2,1,0,1,0,0,0,0,1.0,1.0,canonical_candidate
42401268,Activation of Sirt3 reprograms mitochondrial function to regenerate intervertebral disc degeneration.,0,,1,transcriptomics,0,,1,mitochondrial homeostasis,2,0,0,0,0,0,0,0,1.0,1.0,canonical_candidate
42391447,Acylglycerol Kinase Sensitizes Glioblastoma to Temozolomide via Limiting Mitochondrial Damage Related Cellular Senescence.,0,,0,,0,,1,mitochondrial ROS,2,1,0,1,0,0,0,0,1.0,1.0,canonical_candidate
42361498,Mallotus japonicus leaf extract restores TRPM6 magnesium channel expression and suppresses cellular senescence in colonic epithelial cells.,2,consistent,1,transcriptomics,0,,1,mitochondrial membrane potential,2,0,0,1,0,0,0,0,1.0,1.0,canonical_candidate
42296967,"The senescence-stiffening loop: Extracellular matrix remodeling, hypoperfusion, and mitochondrial dysfunction drive tissue aging.",0,,2,transcriptomics; proteomics,0,,0,,2,0,0,0,0,1,0,0,1.0,1.0,canonical_candidate
42295784,Engineered Exosomal miR-146a-5p Reprograms BMSC Fate and Restores Mitochondrial Homeostasis in Glucocorticoid-Induced Osteonecrosis of Femoral Head.,0,,1,transcriptomics,0,,2,mitochondrial homeostasis; mitochondrial membrane potential; mitophagy,2,0,0,1,0,0,0,0,1.0,1.0,canonical_candidate
42250782,"Ferro-aging: A novel paradigm linking iron overload, lipid peroxidation and cellular senescence.",0,,0,,0,,0,,2,0,0,1,0,0,0,0,1.0,1.0,canonical_candidate
42208534,Pro-aging effects of chronic glucocorticoid signaling.,0,,0,,0,,1,mitochondrial quality control,2,0,0,1,0,0,0,0,1.0,1.0,canonical_candidate
42176909,"4-N-furfurylcytosine, a novel cytosine-derived modulator of mitochondrial and redox homeostasis to counteract aging: Insights from cellular and mouse models.",2,consistent,1,proteomics,0,,1,mitochondrial homeostasis,3,0,0,1,1,0,0,0,1.0,1.0,canonical_candidate
42162843,Nanoplastic exposure induces mitochondrial dysfunction-driven inflammation and senescence in renal tubular epithelial cells.,2,consistent,1,transcriptomics,0,,0,,3,1,0,2,1,1,1,1,1.0,1.0,canonical_candidate
42061603,Long-chain chlorinated paraffins (LCCPs) exposure induces testicular aging damage by triggering mitochondrial dysfunction.,0,,0,,0,,2,mitochondrial membrane potential; mitophagy,2,0,0,0,0,0,0,0,1.0,1.0,canonical_candidate
41988659,The complex relationship between oxidative stress and aging: new perspectives on similarities and differences.,0,,0,,0,,0,,2,1,0,1,0,0,0,0,1.0,1.0,canonical_candidate
42679742,Mangiferin attenuates UV-B-induced premature senescence through suppression of mitochondrial ROS and restoration of mitochondrial dynamics in human dermal fibroblasts and BALB/c mice.,0,,0,,0,,2,mitochondrial ROS; mitochondrial dynamics,3,0,0,2,1,1,0,0,1.0,1.0,canonical_candidate
42665979,Biomaterials for metabolic reprogramming in skeletal disorders.,0,,0,,0,,1,mitochondrial quality control,2,0,0,0,0,0,0,0,1.0,1.0,canonical_candidate
42663794,The organellar biology of aging: A mitochondrial vantage.,0,,1,transcriptomics,0,,1,mitochondrial dynamics,0,0,0,0,0,0,0,0,1.0,1.0,canonical_candidate
42676148,Near-Infrared Imaging of Senescence-Associated β-Galactosidase Enables Discovery of a Glycerol-3-Phosphate Dehydrogenase 2-Regulated Neuroprotective Pathway in Alzheimer's Disease.,0,consistent,0,,0,,0,,2,0,0,0,0,0,0,0,1.0,1.0,canonical_candidate
42645669,"The Reductive Stress Nexus: Integrated Pathways of Metabolic Dysregulation, Senescence and Blood-Brain Barrier Failure in Neurodegenerative Disease and Brain Aging.",0,,0,,0,,0,,2,0,0,0,0,0,0,0,1.0,1.0,canonical_candidate
42641190,Remodeling lipid and mitochondrial homeostasis: a novel mechanism by which polydatin attenuates renal tubular senescence in chronic kidney disease.,0,consistent,1,transcriptomics,0,,1,mitochondrial homeostasis,3,1,0,2,0,1,1,1,1.0,1.0,canonical_candidate
42707763,Repair and regeneration across the lifespan: an ontogenetic perspective.,0,,0,,0,,0,,2,0,0,0,0,0,0,0,1.0,1.0,canonical_candidate
42635645,Formononetin attenuates cellular senescence through a FOS-mediated mechanism.,0,,1,transcriptomics,0,,0,,2,0,0,1,0,0,0,0,1.0,1.0,canonical_candidate
42479464,Microbiome-derived metabolites shape CD4+ T cell differentiation and immune aging in HIV-1 infection.,0,,2,transcriptomics; proteomics; metabolomics,0,,0,,2,0,0,1,0,0,0,0,1.0,1.0,canonical_candidate
42652250,Ferroptosis-Senescence Crosstalk in Sepsis-Associated Acute Lung Injury: Mechanisms and Therapeutic Opportunities.,0,,0,,0,,0,,2,0,0,0,0,0,0,0,1.0,1.0,canonical_candidate
42643667,Ambient PM2.5 Induced Pulmonary Vascular Remodeling via MSC-Mediated Cellular Senescence in Pulmonary Arterial Endothelial Cells.,0,,0,,0,,0,,3,1,1,1,1,0,0,0,1.0,1.0,canonical_candidate
42519021,Exercise-induced mitochondrial remodeling in energy-demanding organs during aging.,0,,0,,0,,1,mitochondrial homeostasis,2,0,0,0,0,0,0,0,1.0,1.0,canonical_candidate
42625807,PDHA1 Hyperactivation Orchestrates Metabolic Reprogramming Promoting Endothelial Senescence.,0,,1,metabolomics,0,,1,mitochondrial homeostasis,3,0,0,1,1,0,0,0,1.0,1.0,canonical_candidate
42624448,Novel SIRT1 up-regulator F1462 attenuates endothelial cell senescence and vascular aging by promoting mitochondrial biogenesis via activating the SIRT1/PGC-1α/TFAM pathway.,0,,0,,0,,2,mitochondrial biogenesis; mitochondrial membrane potential,3,2,1,2,1,1,0,0,1.0,1.0,canonical_candidate
42624180,"KDM4A-driven epigenetic reprogramming as a central nexus linking metabolic adaptation, immune remodeling, and therapy resistance in cancer.",0,,0,,0,,2,mitochondrial quality control; mitophagy,3,0,0,1,1,0,0,0,1.0,1.0,canonical_candidate
42473972,Engineering biomaterial-mediated delivery for osteoarthritis: targeting aging mechanisms to reestablish joint homeostasis.,0,,0,,0,,0,,2,0,0,1,0,0,0,0,1.0,1.0,canonical_candidate
42617978,Aging in the air we breathe: Mechanisms and consequences of air pollution exposure for biological aging.,0,consistent,3,transcriptomics; proteomics,0,,0,,2,1,0,1,0,0,0,0,1.0,1.0,canonical_candidate
42617903,Mitochondrial dysfunction in ifosfamide-induced nephrotoxicity: Mechanisms and possible interventions.,0,,1,metabolomics,0,,2,mitochondrial biogenesis; mitochondrial dynamics,2,0,0,0,0,0,0,0,1.0,1.0,canonical_candidate
42683053,Spatial niche remodeling of senescent liver-resident immune cells and its role in chronic liver diseases.,0,,2,,0,,0,,3,1,0,1,1,0,0,0,1.0,1.0,canonical_candidate
42650863,"Pyrroloquinoline Quinone (PQQ) as a Mitochondrial Rejuvenation Strategy in Aesthetic Dermatology: Mechanisms, Therapeutic Potential, and Future Clinical Applications.",0,,0,,0,,1,mitochondrial biogenesis,2,0,0,1,0,0,0,0,1.0,1.0,canonical_candidate
42606684,Long-chain chlorinated paraffins exposure induces premature ovarian failure by disrupting the balance of mitochondrial fission.,0,,0,,1,DRP1,1,mitochondrial fission,3,2,1,2,1,0,0,0,1.0,1.0,canonical_candidate
42167416,ALDH2 alleviates diabetes-induced myocardial cell senescence and electrical remodeling by regulating SIRT1.,0,,0,,0,,1,mitochondrial homeostasis,2,0,0,0,0,0,0,0,1.0,1.0,canonical_candidate
42105790,FMO1 disrupts mitochondrial functional homeostasis through ROS-mediated mechanisms to drive chondrocyte senescence and hypertrophy.,0,,1,transcriptomics,2,DRP1; MFN1,1,mitochondrial homeostasis,2,0,0,0,0,0,0,0,1.0,1.0,canonical_candidate
42662784,High-fructose diet-induced gut dysbiosis as a mechanistic driver of chronic inflammation and accelerated biological aging: a comprehensive review.,0,,0,,0,,0,,3,1,0,1,1,0,0,0,1.0,1.0,canonical_candidate
42650270,"A Pyrazole-Based Small Molecule, KB3409, Restores Mitochondrial Function via VCP Activation and RCN2-Dependent Ca2+ Regulation.",0,,0,,0,,1,mitochondrial quality control,2,0,0,0,0,0,0,0,1.0,1.0,canonical_candidate
42628192,Perfluorodecanoic Acid (PFDA) induces ovarian toxicity and premature aging via mitochondrial dysfunction.,0,,0,,0,,2,mitochondrial dynamics; mitochondrial fission,2,0,0,0,0,0,0,0,1.0,1.0,canonical_candidate
42695018,Mitophagy and Cellular Homeostasis in Kidney Diseases: Mechanisms and Potential Therapeutics.,0,,0,,0,,2,mitochondrial dynamics; mitochondrial homeostasis; mitophagy,3,1,1,1,1,0,0,0,1.0,1.0,canonical_candidate
42656544,Mitochondrial regulation of cellular senescence heterogeneity.,0,,0,,0,,1,mitophagy,3,1,1,3,2,0,0,0,1.0,1.0,canonical_candidate
42627996,"Mitochondrial dysfunction, metabolic quiescence and premature senescence in CMT4B3 fibroblasts.",2,consistent,1,transcriptomics,0,,2,mitochondrial biogenesis; mitochondrial quality control; mitophagy,2,0,0,1,0,1,0,0,1.0,1.0,canonical_candidate
42576130,Preserving joint healthspan in knee osteoarthritis: a geroscience-guided review of non-surgical therapies and genicular artery embolization.,2,consistent,0,,0,,0,,2,1,0,1,0,0,0,0,1.0,1.0,canonical_candidate
42573875,Chronic subdural hematoma through the hallmarks of aging: a geroscience framework for the commonest neurosurgical condition of older adults.,0,,0,,0,,0,,2,0,0,0,0,0,0,0,1.0,1.0,canonical_candidate
42650821,Mechanisms of Obesity-Related Kidney Disease: From Adipose Depot Biology to the Chymase-Aldosterone and Ghrelin-Leptin Axes.,0,,0,,0,,0,,2,1,0,1,0,0,0,0,1.0,1.0,canonical_candidate
42654174,Food-Derived Omega-3 Fatty Acids and Cognitive Aging: Integrating Nutritional Neuroscience and Geroscience.,0,consistent,0,,0,,0,,2,0,0,0,0,0,0,0,1.0,1.0,canonical_candidate
42589194,"Mitochondria-Targeted Natural-Derived Compounds in Cellular Senescence: Mechanisms, Therapeutic Potential, and Future Directions.",0,,0,,0,,2,mitochondrial dynamics; mitophagy,3,0,0,1,1,0,0,0,1.0,1.0,canonical_candidate
42559700,"Hyper-aging in systemic sclerosis: linking genome instability, mitochondrial dysfunction, and inflammaging to fibrosis.",0,,1,transcriptomics,0,,0,,2,0,0,2,0,0,0,0,1.0,1.0,canonical_candidate
42621049,The dual role of the cGAS-STING signaling pathway in kidney diseases: from acute injury to chronic fibrosis - molecular mechanisms and precision therapeutic strategies.,0,,0,,0,,1,mitochondrial homeostasis,2,0,0,0,0,0,0,0,1.0,1.0,canonical_candidate
42572701,The Immunometabolic Bridge: Targeting Metainflammation to Prevent the Transition from Obesity to Cardiovascular Disease.,0,,0,,0,,0,,2,1,0,1,0,0,0,0,1.0,1.0,canonical_candidate
42547759,Targeting the NO-cGMP axis in age-related vascular dysfunction: a systematic review and meta-analysis of preclinical animal studies.,0,,0,,0,,0,,2,1,1,1,0,0,0,0,1.0,1.0,canonical_candidate
42613625,"SLC25A12 mitigates mitochondrial dysfunction in myoblast senescence, and alleviates cuproptosis-related changes under copper stress.",2,consistent,2,transcriptomics,0,,0,,2,1,0,1,0,1,0,0,1.0,1.0,canonical_candidate
42609608,Targeting cellular senescence through nutritional senotherapeutics in brain aging and neurodegenerative diseases.,0,,0,,0,,0,,2,0,0,1,0,0,0,0,1.0,1.0,canonical_candidate
42589618,Senescence Markers and Associated Transcriptomic Changes Are Expressed at Early Stages of Alzheimer's Neuropathology but Are Not Independently Related to Dementia.,0,,1,transcriptomics,0,,0,,2,0,0,0,0,0,0,0,1.0,1.0,canonical_candidate
42579356,Mitochondrial Inflammation and Muscle Aging: Targeting the Inflammatory Microenvironment in Sarcopenic Muscle.,0,,2,,0,,0,,2,1,0,1,0,0,0,0,1.0,1.0,canonical_candidate
42545731,"Oxidative stress, aging, metabolism, SIRT1, and the gut microbiota: the neurocardiac basis of cognitive loss.",0,,0,,0,,1,mitochondrial dynamics,2,0,0,2,0,0,0,0,1.0,1.0,canonical_candidate
42572842,Alterations of actin in aging.,0,conserved; cross model,0,,0,,0,,2,0,0,1,0,0,0,0,1.0,1.0,canonical_candidate
42572354,Simulated Microgravity Induced Mesenchymal Stem Cell Senescence via the Activation of Cytosolic mtDNA-cGAS-STING Axis.,0,,0,,0,,0,,3,4,4,4,3,1,0,0,1.0,1.0,canonical_candidate
42542263,Asiaticoside attenuates endothelial cells senescence in diabetic retinopathy via CCND1-mediated mitophagy through the PI3K/AKT/mTOR pathway.,0,,0,,0,,1,mitophagy,3,3,2,4,1,1,1,1,1.0,1.0,canonical_candidate
42541586,Research progress of traditional Chinese medicine interventions for aging-related nervous system diseases.,0,,0,,0,,0,,2,1,0,1,0,0,0,0,1.0,1.0,canonical_candidate
42503023,Unveiling the AcSirt2-FOXO-Mitophagy Axis: Insights Into Mitochondrial Quality Control and Delayed Aging in Apis cerana.,0,,0,,2,DRP1; MFN1; MFN2; PINK1,2,mitochondrial fusion; mitochondrial homeostasis; mitochondrial quality control; mitophagy,2,2,1,2,0,0,0,0,1.0,1.0,canonical_candidate
42479110,Natural products targeting cytokine-regulated SASP inflammation networks in Ovarian cancer: Implications on immune escape and molecular resistance.,0,,0,,0,,0,,2,0,0,0,0,0,0,0,1.0,1.0,canonical_candidate
42463241,Muscle satellite cells and aging.,0,,0,,0,,0,,2,0,0,1,0,0,0,0,1.0,1.0,canonical_candidate
42423501,Kaempferol Attenuates Spaceflight-Associated Knee Cartilage Degradation by Targeting NOX4-Mediated Mitochondrial Dysfunction.,0,,1,transcriptomics,0,,0,,2,0,0,0,0,0,0,0,1.0,1.0,canonical_candidate
42378907,Senotherapeutic strategies for ovarian aging: Mechanistic insights and translational perspectives.,0,,0,,0,,0,,2,0,0,1,0,0,0,0,1.0,1.0,canonical_candidate
42359697,"Mitochondria‑endoplasmic reticulum contact site nexus: Molecular integration, disease pathogenesis and therapeutic opportunities (Review).",0,,1,proteomics,0,,2,mitochondrial dynamics; mitophagy,2,0,0,1,0,0,0,0,1.0,1.0,canonical_candidate
42309396,Biomarkers and therapies associated with Hutchinson-Gilford Progeria Syndrome.,0,,0,,0,,0,,2,0,0,1,0,0,0,0,1.0,1.0,canonical_candidate
42296716,Bach transcription factors: Emerging molecular regulators for oxidative stress-mediated skin responses and protection.,0,,1,transcriptomics,0,,1,mitochondrial biogenesis,2,0,0,0,0,0,0,0,1.0,1.0,canonical_candidate
42219134,Cell senescence in chronic pain: An integrative perspective on cellular and neural mechanisms.,0,,0,,0,,0,,2,1,0,1,0,0,0,0,1.0,1.0,canonical_candidate
42163639,Antioxidant Proline Carbon Dot-Composited Poly(L-methionine) Hydrogel Restores Mitophagy to Alleviate Cellular Senescence in Intervertebral Disc Degeneration.,0,,0,,0,,1,mitophagy,2,1,0,1,0,1,0,0,1.0,1.0,canonical_candidate
42160006,SIRT6-Mediated Deacetylation of ATF3 Promotes Silica-Induced Lung Fibrosis by Enhancing its Nuclear Import via Binding to Importin α.,0,,1,transcriptomics,0,,0,,2,1,0,1,0,0,0,0,1.0,1.0,canonical_candidate
42602249,Corticotropin-releasing factor (CRF) in brain aging: from mitochondrial dysfunction to inflammaging.,0,,0,,0,,1,mitochondrial dynamics,2,0,0,0,0,0,0,0,1.0,1.0,canonical_candidate
42646271,Visceral Obesity and Its Complications: The Role of Bioelectrical Impedance Analysis in Longevity Medicine.,0,consistent,0,,0,,0,,2,1,0,2,0,0,0,0,1.0,1.0,canonical_candidate
42521003,Sodium Danshensu alleviates oxidative stress-induced endothelial apoptosis and senescence by modulating the SIRT1/p53 pathway.,0,,0,,0,,2,mitochondrial membrane potential; mitophagy,2,0,0,0,0,0,0,0,1.0,1.0,canonical_candidate
42518074,Cellular Senescence in Diabetic Cardiomyopathy: Mechanistic Insights and Therapeutic Perspectives.,0,,0,,0,,1,mitochondrial quality control,2,1,0,1,0,0,0,0,1.0,1.0,canonical_candidate
42518051,AGGF1 delays endothelial cellular senescence through the TGFB3-TAK1-AMPK signaling axis.,0,,1,transcriptomics,1,DRP1,0,,0,0,0,0,0,0,0,0,1.0,1.0,canonical_candidate
42577358,Aging-related metabolic dysregulation in osteoporosis: mechanisms and therapeutic strategies.,0,,0,,0,,0,,2,0,0,2,0,0,0,0,1.0,1.0,canonical_candidate
42501399,Turritopsis nutricula-Inspired Engineered Biomimetic Skin Promoting Aged Wound Repair via DAZAP1 Phase Separation-Related Mitochondrial Metabolism Reprogramming.,0,,0,,0,,0,,2,0,0,0,0,0,0,0,1.0,1.0,canonical_candidate
42568976,Piroxicam accelerates diabetic foot ulcer healing via ERα-dependent mitochondrial protection and oxidative stress relief.,2,consistent,0,,0,,1,mitophagy,2,0,0,0,0,0,0,0,1.0,1.0,canonical_candidate
42538554,"Cellular senescence: the ""hidden driver"" in chronic inflammatory skin disorders.",0,,0,,0,,0,,2,0,0,1,0,0,0,0,1.0,1.0,canonical_candidate
42402137,A Melatonin-Catechol Hybrid Molecule Prolongs Lifespan via Regulating ROS and Reprogramming Mitochondrial Metabolism.,0,,0,,0,,1,mitochondrial dynamics,2,0,0,0,0,0,0,0,1.0,1.0,canonical_candidate
42484787,PHLDA3 hypomethylation at the mercy of PTBP1-mediated DNMT3a decay prompts ferroptosis of cardiomyocytes to accelerate microvascular endothelial cell senescence following ischemia/reperfusion injury.,0,,0,,0,,0,,2,0,0,0,0,0,0,0,1.0,1.0,canonical_candidate
42482175,Grx2 deficiency accelerates BMSC senescence and senile osteoporosis via CD36 S-glutathionylation.,0,,2,transcriptomics; proteomics,0,,1,mitochondrial homeostasis,2,0,0,1,0,0,0,0,1.0,1.0,canonical_candidate
42412103,Mitochondrial Redox Cascade-Directed Covalent NIR Fluorogenic Imaging of Therapy-Induced Senescence Integrates Tumor and Host Responses.,2,conserved,0,,0,,1,mitochondrial dynamics,2,0,0,1,0,0,0,0,1.0,1.0,canonical_candidate
42406505,Machine Learning-Assisted Label-Free SERS Decoding of Mitochondrial Molecular Dynamics in Ovarian Granulosa Cells during Aging.,0,,0,,0,,0,,2,0,0,1,0,0,0,0,1.0,1.0,canonical_candidate
42477782,Theca cells: active orchestrators of ovarian aging.,0,,1,transcriptomics,0,,0,,2,0,0,0,0,0,0,0,1.0,1.0,canonical_candidate
42471426,DNA Sensing and Neuroinflammation: Mechanistic Insights into cGAS-STING Biology and Therapeutic Translation in Age-Related Neurodegenerative Diseases.,0,,0,,0,,0,,2,0,0,1,0,0,0,0,1.0,1.0,canonical_candidate
42539827,Breaking barriers in pulmonary health of patients with metabolic diseases: senolytics and beyond.,0,,0,,0,,0,,2,0,0,1,0,0,0,0,1.0,1.0,canonical_candidate
42467906,TPI1 Loss Triggers a Metabolite-Driven Mitochondrial Redox Vulnerability via the SARM1-cADPR-Ca2+ Axis.,2,conserved,0,,0,,1,mitochondrial ROS,3,2,2,2,1,0,0,0,1.0,1.0,canonical_candidate
42467131,"Microplastics, the gut microbiome and ageing: mechanisms and intervention strategies.",0,,0,,0,,0,,2,1,1,1,0,0,0,0,1.0,1.0,canonical_candidate
42511674,"Biomarkers and Early Mechanisms of Sarcopenia: Central Roles of Mitochondrial Dysfunction, Inflammaging, Cellular Senescence, and Neuromuscular Degeneration.",0,,0,,0,,1,mitophagy,3,1,1,2,1,1,0,0,1.0,1.0,canonical_candidate
42461367,Lipidomics and proteomics in MASLD: reading the molecular script toward precision therapeutics.,0,,1,proteomics,0,,0,,2,0,0,1,0,0,0,0,1.0,1.0,canonical_candidate
42457680,The SIRT5-SUCLG2 desuccinylation axis delays ovarian aging via a mitochondrial-epigenetic regulatory mechanism.,0,,1,transcriptomics,0,,0,,2,0,0,1,0,0,0,0,1.0,1.0,canonical_candidate
42440223,"Cellular senescence in kidney diseases: a bibliometric analysis of global trends, knowledge bases, and emerging therapeutic frontiers.",0,,2,,0,,0,,2,0,0,1,0,0,0,0,1.0,1.0,canonical_candidate
42439909,Cellular senescence and aging: molecular mechanisms and convergent pathways.,0,,0,,0,,0,,3,1,1,1,1,0,0,0,1.0,1.0,canonical_candidate
42436024,"A new approach to an old disease: Ageing, arrhythmogenic substrate and the role of risk-factor modification in atrial fibrillation.",0,,0,,0,,0,,2,1,0,1,0,0,0,0,1.0,1.0,canonical_candidate
42509801,The Inflammaging-Redox-InflammamiR Axis in Metabolic Aging: From Diagnostic Clusters to Integrated Risk Phenotypes.,0,,0,,0,,0,,2,0,0,1,0,0,0,0,1.0,1.0,canonical_candidate
42500653,Decoding the tumor-aging axis: from bench to clinical.,0,,0,,0,,0,,1,0,0,0,0,0,0,0,1.0,1.0,canonical_candidate
42432749,Redox-senescence function of PON1 in hepatocellular carcinoma and its non-invasive assessment using super-resolution radiomics: a multi-center study.,0,,1,transcriptomics,0,,2,mitochondrial ROS; mitochondrial membrane potential,3,2,2,2,2,0,0,0,1.0,1.0,canonical_candidate
42417865,Mitochondrial dysfunction and cellular senescence drive accelerated gestational aging in spontaneous preterm birth: a narrative review.,0,,0,,0,,2,mitochondrial dynamics; mitophagy,2,1,1,3,0,1,0,0,1.0,1.0,canonical_candidate
42405973,Emodin alleviates radiation-induced pulmonary fibrosis by targeting cellular senescence via the mtDNA-cGAS-STING axis.,0,,0,,0,,0,,3,3,1,3,1,1,0,0,1.0,1.0,canonical_candidate
42451165,Chlorella Hot Water Extract Restores Collagen Production in Senescent Fibroblasts Through Reversal of miR-193a-5p-Mediated Translational Repression of COL1A1.,0,,0,,0,,1,mitochondrial membrane potential,2,0,0,1,0,0,0,0,1.0,1.0,canonical_candidate
42465040,Stress-response exhaustion in intervertebral disc degeneration.,0,,0,,0,,1,mitophagy,2,0,0,0,0,0,0,0,1.0,1.0,canonical_candidate
42393684,Biomimetic nanoplatforms modulating mitochondrial pathways in IVDD.,0,,0,,0,,1,mitophagy,2,0,0,2,0,0,0,0,1.0,1.0,canonical_candidate
42540389,Flavonoid compounds from Shenrong Guben Huanshao Pill alleviates senescence-associated mitochondrial dysfunction through NDUFV2 and LDHB mediated metabolic reprogramming.,0,,0,,0,,0,,2,1,0,2,0,1,0,0,1.0,1.0,canonical_candidate
42502879,Inflammaging: Experimental Insights and Translational Advances.,0,,1,transcriptomics,0,,0,,2,0,0,1,0,0,0,0,1.0,1.0,canonical_candidate
42459836,Microenvironmental remodeling in FLASH radiotherapy.,0,,0,,0,,1,mitochondrial homeostasis,2,0,0,0,0,0,0,0,1.0,1.0,canonical_candidate
42459658,The mitochondrial logic of inflammaging: how energy imbalance drives fibroblast SASP and tissue-specific aging.,0,,0,,0,,0,,2,0,0,0,0,0,0,0,1.0,1.0,canonical_candidate
42405673,"The Molecular Basis of Ocular Aging: Mechanisms, Pathologies, and Emerging Therapeutics.",0,,0,,0,,0,,2,0,0,1,0,0,0,0,1.0,1.0,canonical_candidate
42402668,Metabolic Kinases as Regulators of Inter-Organelle Communication in Aging and Age-Related Diseases.,0,,0,,0,,1,mitochondrial dynamics,2,0,0,0,0,0,0,0,1.0,1.0,canonical_candidate
42399678,A Non-Canonical Role for Hepatocyte MLKL in Promoting Mitochondrial Dysfunction and Senescence in the Aging Liver.,0,,0,,0,,1,mitochondrial dynamics,2,2,0,2,0,1,0,0,1.0,1.0,canonical_candidate
42397379,Advancements in longevity pharmacology research - are we finally seeing clinical progression?,0,,0,,0,,1,mitophagy,2,0,0,1,0,0,0,0,1.0,1.0,canonical_candidate
42394134,M2 Macrophage-Derived ENPP2/LPA Signalling Attenuates UVB-Induced Fibroblast Photoaging via LPAR1/3.,0,,0,,1,PINK1,1,mitophagy,2,1,0,1,0,0,0,0,1.0,1.0,canonical_candidate
42387987,Age-Associated Senescence of Decidual Macrophages: A Key Mediator of Adverse Pregnancy Outcomes in Advanced Maternal Age.,0,,0,,0,,1,mitophagy,3,1,1,1,1,0,0,0,1.0,1.0,canonical_candidate
42387539,Restoration of macrophage mitochondrial dynamics and trafficking with enzymatic magnesium-manganese layered double hydroxide for osteoporotic therapy.,0,,0,,0,,2,mitochondrial dynamics; mitochondrial quality control; mitophagy,2,0,0,0,0,0,0,0,1.0,1.0,canonical_candidate
42375085,Cellular Senescence: Emerging Therapeutic Target for Idiopathic Pulmonary Fibrosis Pathogenic Mechanisms and Therapeutic Strategies.,0,,0,,0,,0,,2,0,0,1,0,0,0,0,1.0,1.0,canonical_candidate
42370305,"Dementia, mood disorders, and aging: Bridging new avenues of care through shared biological pathways.",0,,0,,0,,1,mitochondrial dynamics,2,0,0,1,0,0,0,0,1.0,1.0,canonical_candidate
42343000,"Targeting oxidative stress, senescence, and neurodegeneration: anti-aging perspectives of Urtica dioica and Centella asiatica.",0,,0,,0,,0,,2,0,0,1,0,0,0,0,1.0,1.0,canonical_candidate
42276417,Age-related dry eye disease: Redefining a distinct subtype driven by aging.,0,,0,,0,,0,,2,1,0,1,0,0,0,0,1.0,1.0,canonical_candidate
42233590,Progranulin deficiency induces premature vascular senescence and dysfunction.,2,consistent,2,transcriptomics,0,,0,,2,1,1,2,0,0,0,0,1.0,1.0,canonical_candidate
42214505,Aging in orbit: The twelve hallmarks as a bidirectional bridge between spaceflight-induced senescence and terrestrial geroscience.,0,,2,transcriptomics,0,,0,,2,0,0,1,0,0,0,0,1.0,1.0,canonical_candidate
42203114,Hypericum perforatum L. and Glycyrrhiza glabra L. preserve cardiac mitochondrial redox homeostasis in E2 deficiency via ERβ-MAO-A modulation.,0,,0,,0,,1,mitochondrial ROS,2,1,1,2,0,0,0,0,1.0,1.0,canonical_candidate
42202637,FOXO family and neurodegenerative diseases: Mechanisms of action and therapeutic potential.,0,,0,,0,,1,mitochondrial biogenesis,2,1,0,1,0,0,0,0,1.0,1.0,canonical_candidate
42176571,Prostaglandin D2 reinforces mitochondrial quality control to enhance ovarian and embryonic competence.,0,consistent,0,,1,PINK1,2,mitochondrial membrane potential; mitochondrial quality control,2,0,0,0,0,0,0,0,1.0,1.0,canonical_candidate
42150705,Rethinking insulin resistance in aging: A reserve-oriented clinical framework.,0,,0,,0,,0,,2,1,0,1,0,0,0,0,1.0,1.0,canonical_candidate
42134737,Cellular senescence as a systems-level driver of cardiovascular ageing.,0,,2,,0,,0,,1,0,0,1,0,0,0,0,1.0,1.0,canonical_candidate
42066913,Regulatory mechanisms of age-related degenerative diseases: Insights from the gut microbiota-cellular senescence interaction network.,0,,0,,0,,0,,2,1,1,1,0,0,0,0,1.0,1.0,canonical_candidate
42037130,"Adipose as a Driver, Not a Bystander: A Modern Synthesis of Obesity-Related Erectile Dysfunction.",0,,0,,0,,0,,2,0,0,1,0,0,0,0,1.0,1.0,canonical_candidate
42034026,Astragaloside IV delays vascular aging by enhancing mitochondrial fatty acid β-oxidation via the MLXIPL-PPARα/PGC-1α axis.,0,,1,transcriptomics,0,,2,mitochondrial biogenesis; mitochondrial membrane potential,2,0,0,0,0,0,0,0,1.0,1.0,canonical_candidate
41789983,Fueling the fire: metabolic dysfunction and senescence as drivers of lung aging and disease.,0,,0,,0,,1,mitophagy,2,0,0,1,0,0,0,0,1.0,1.0,canonical_candidate
41740638,α-KG alleviates mitochondrial dysfunction and attenuates HPDLSCs senescence in periodontitis through LKB1-AMPK activation.,0,,0,,0,,2,mitochondrial homeostasis; mitochondrial membrane potential,3,0,0,3,1,1,1,1,1.0,1.0,canonical_candidate
41130360,The brain-joint axis: links between osteoarthritis and neurodegenerative disorders in aging.,0,,0,,0,,0,,2,0,0,1,0,0,0,0,1.0,1.0,canonical_candidate
42510561,Mitochondrial Quality Control in Age-Related Diseases: From Molecular Architecture to Precision Therapeutics.,0,,0,,0,,2,mitochondrial quality control; mitophagy,2,0,0,0,0,0,0,0,1.0,1.0,canonical_candidate
42373880,UC-MSCs prevent cigarette smoke-induced early cellular senescence like phenotype in bronchial epithelial cells via the SIRT1/PGC-1α pathway.,0,,0,,0,,0,,3,1,0,4,1,0,0,0,1.0,1.0,canonical_candidate
42445133,Mechanistic redundancy and hierarchy of aging mechanisms: implications for strategies to extend healthspan and biomarker integration.,0,,0,,0,,0,,2,1,0,1,0,0,0,0,1.0,1.0,canonical_candidate
42439654,Emerging New Pathways in Malignant Neoplasms and Neurodegenerative Disorders: Perspectives for Therapeutics.,0,,0,,0,,0,,2,0,0,0,0,0,0,0,1.0,1.0,canonical_candidate
42329074,Oxidative stress-preconditioned exosomes target BMF to restore mitophagy for alleviating intervertebral disc degeneration.,0,,0,,2,PINK1; PRKN,2,mitochondrial homeostasis; mitophagy,2,0,0,0,0,0,0,0,1.0,1.0,canonical_candidate
42450582,Mitochondrial-Targeted SS-31 Attenuates the Doxorubicin-Induced Cardiomyoblast H9C2 Cell Senescence.,0,,0,,0,,1,mitochondrial ROS,2,0,0,0,0,0,0,0,1.0,1.0,canonical_candidate
42450045,"Advanced Functional Wound Dressings in Precision Surgery: Immunometabolic Reprogramming, Bioadaptive Biomaterials, and Intelligent Regenerative Interfaces.",0,,0,,0,,0,,1,0,0,1,0,0,0,0,1.0,1.0,canonical_candidate
42433677,From molecular damage to regulatory constraint: epigenetic and metabolic limits of cellular plasticity in aging.,0,,0,,0,,0,,2,0,0,0,0,0,0,0,1.0,1.0,canonical_candidate
42363074,Mitigating nucleus pulposus cell senescence in intervertebral disk degeneration: the role of nodakenin in SIRT6 and PINK1/Parkin-associated mitophagy signaling.,0,,1,transcriptomics,1,PINK1,2,mitochondrial membrane potential; mitochondrial quality control; mitophagy,2,1,0,2,0,1,0,0,1.0,1.0,canonical_candidate
42360208,Molecular and Cellular Hallmarks of Age-Related Vestibular Hair Cell Degeneration.,0,conserved; consistent,1,transcriptomics,0,,0,,2,0,0,1,0,0,0,0,1.0,1.0,canonical_candidate
42358147,"[Molecular mechanism of intervertebral disc cell senescence: telomeres, mitochondria, and cellular metabolic reprogramming].",0,,0,,0,,1,mitochondrial homeostasis,2,2,0,2,0,0,0,0,1.0,1.0,canonical_candidate
42421742,"Mitochondrial transcription factor A: linking mtDNA maintenance, mitochondrial stress responses, and inflammaging.",0,,0,,0,,1,mitochondrial ROS,2,0,0,2,0,0,0,0,1.0,1.0,canonical_candidate
42343432,"Advances in skin aging: integrating epigenetic, cellular, and immune mechanisms for targeted therapy.",0,,0,,0,,0,,0,0,0,0,0,0,0,0,1.0,1.0,canonical_candidate
42340744,"Advanced molecular mechanisms underlying the anti-aging effects of Ipomoea batatas L. (sweet potato) leaves: bioactive compounds, cellular pathways, and functional food applications.",0,,2,,0,,1,mitochondrial biogenesis,2,0,0,1,0,0,0,0,1.0,1.0,canonical_candidate
42281372,ROS-Responsive H2S Release Attenuates Renal Aging by Preserving Mitochondrial Function and Mitigating Oxidative Stress.,2,consistent,0,,0,,1,mitochondrial membrane potential,2,0,0,2,0,0,0,0,1.0,1.0,canonical_candidate
41760079,"Heart failure in the elderly: epidemiology, mechanisms, and management.",0,,0,,0,,0,,2,0,0,1,0,0,0,0,1.0,1.0,canonical_candidate
42367344,β2-Microglobulin Induces Mitochondrial Dysfunction Accompanied by Bronchial Epithelial Cell Senescence.,0,,0,,0,,2,mitochondrial ROS; mitochondrial membrane potential,2,0,0,0,0,1,0,0,1.0,1.0,canonical_candidate
42144350,Metformin attenuates cuprizone-induced mitochondrial dysfunction and senescence-associated changes in primary neuronal cells.,0,,1,transcriptomics,0,,0,,2,0,0,2,0,1,0,0,1.0,1.0,canonical_candidate
42389732,The impact of the six pillars of lifestyle medicine on the biology of skin aging.,2,conserved,0,,0,,1,mitochondrial biogenesis,2,0,0,1,0,0,0,0,1.0,1.0,canonical_candidate
42295556,Unlocking the aging brain: mTORC1 as a convergent integrator for neurodegeneration and therapeutic intervention.,0,,0,,0,,0,,2,0,0,0,0,0,0,0,1.0,1.0,canonical_candidate
42069238,Metformin attenuates lens epithelial cell senescence by suppressing cGAS-STING via SIRT1-PGC-1α-mediated mitochondrial fission.,0,,2,transcriptomics; metabolomics,0,,2,mitochondrial fission; mitochondrial membrane potential,3,0,0,1,0,1,1,1,1.0,1.0,canonical_candidate
42405213,Regulation of T Cell Senescence in Health and Diseases.,0,,0,,0,,0,,0,0,0,0,0,0,0,0,1.0,1.0,canonical_candidate
42353844,Integrative Analysis of Oxidative Stress and Cellular Senescence Pathways in Chronic Obstructive Pulmonary Disease.,0,,0,,0,,1,mitochondrial homeostasis,2,0,0,2,0,0,0,0,1.0,1.0,canonical_candidate
42265429,Hyperbranched poly(β-amino ester)s-mediated delivery of engineered Klotho mRNA rescues senescence and restores cellular homeostasis in aged and Klotho deficient iMSCs.,0,consistent,0,,0,,1,mitochondrial ROS,2,0,0,0,0,0,0,0,1.0,1.0,canonical_candidate
42296779,"Artemisinin and quercetin attenuate hydrogen peroxide-induced oxi-inflammatory-mitochondrial dysfunction-SASP axis mediated lung epithelial cell premature senescence via targeting Stat-1/Atm-p53/p16/p21/Bcl2, NOD-1/MAPKs/NF-κB/ signalling cascades.",0,,0,,0,,0,,3,0,0,0,0,1,1,1,1.0,1.0,canonical_candidate
42260650,Study on the mechanism of erectile dysfunction in D-galactose induced aging rats: the construction of aging model.,0,,0,,0,,0,,2,0,0,1,0,0,0,0,1.0,1.0,canonical_candidate
42347120,RNA-Binding Proteins in Ageing and Age-Related Disease.,2,conserved,0,,0,,0,,2,0,0,1,0,0,0,0,1.0,1.0,canonical_candidate
42251437,Mechanistic understanding of female reproductive aging based on the chicken model.,0,conserved,2,,0,,0,,2,0,0,1,0,0,0,0,1.0,1.0,canonical_candidate
42295095,"Mitochondrial Dynamics in Cellular Senescence: Mechanisms, Context Dependence, and Therapeutic Potential.",0,,0,,0,,2,mitochondrial dynamics; mitochondrial fission; mitophagy,2,1,0,1,0,1,0,0,1.0,1.0,canonical_candidate
42346293,"Cellular Senescence in Idiopathic Pulmonary Fibrosis: Molecular Mechanisms, Pathogenic Networks, and Emerging Therapeutic Targets.",0,,0,,0,,0,,2,1,0,1,0,0,0,0,1.0,1.0,canonical_candidate
42242294,High Uric Acid Promotes Stem Leydig Cell Senescence by CCDC90B Mediates Mitochondrial Quality Control Imbalance.,0,,1,transcriptomics,0,,1,mitochondrial quality control,3,0,0,0,0,1,1,1,1.0,1.0,canonical_candidate
42318360,"The metabolic-epigenetic landscape of aging: interplay between histone acetylation, lactylation, and glycation.",0,,0,,0,,1,mitochondrial biogenesis,2,0,0,0,0,0,0,0,1.0,1.0,canonical_candidate
42278548,Modulation of NFκB Signaling by Natural Compounds in Sarcoma and Normal Muscle Models.,0,,1,transcriptomics,1,PINK1,2,mitochondrial membrane potential; mitophagy,2,0,0,1,0,0,0,0,1.0,1.0,canonical_candidate
42422171,Menaquinone-7 alleviates mitochondrial dysfunction and senescence in senile osteoporosis by targeting the PINK1-mediated mitophagy via PXR/ERK/CREB signaling pathway.,0,,2,transcriptomics; proteomics,1,PINK1,2,mitochondrial homeostasis; mitochondrial quality control; mitophagy,3,1,1,2,0,1,1,1,1.0,1.0,canonical_candidate
42312904,Therapeutic Potential of miR-196a in Protecting Corneal Endothelial Cells From Senescence Through Mitochondrial and TGF-β Signaling Modulation.,0,,1,transcriptomics,0,,2,mitochondrial membrane potential; mitophagy,2,0,0,0,0,0,0,0,1.0,1.0,canonical_candidate
42274271,The aging paradox of Cushing's syndrome: Stress without clear senescence?,0,,0,,0,,0,,2,1,1,1,0,0,0,0,1.0,1.0,canonical_candidate
42257494,Senescent BMSC-Derived Thbs1 Drives Inflammaging and Impairs Bone Regeneration by Suppressing PINK1/Parkin-Mediated Mitophagy in Macrophages.,0,,1,transcriptomics,1,PINK1,2,mitochondrial homeostasis; mitophagy,2,0,0,0,0,0,0,0,1.0,1.0,canonical_candidate
42249092,TIA-1 promotes FUNDC1-mediated mitophagy to protect against stress-induced cellular senescence.,0,,0,,0,,2,mitochondrial homeostasis; mitophagy,3,2,0,5,0,1,1,1,1.0,1.0,canonical_candidate
42170234,Ion-coupled transfersome complexes for enhanced transdermal NAD+ repletion and mitigation of cellular senescence signatures.,0,,1,transcriptomics,0,,0,,2,1,1,1,0,0,0,0,1.0,1.0,canonical_candidate
42140386,Immune profile and mitochondrial alterations driven by age and HIV infection: Associations with T-cell senescence in people with HIV receiving suppressive antiretroviral therapy.,0,,0,,0,,0,,2,1,1,1,0,0,0,0,1.0,1.0,canonical_candidate
42133166,Brain senescence drives sarcopenia-like transcriptomic remodeling in skeletal muscle.,0,concordance,1,transcriptomics,0,,0,,0,0,0,0,0,0,0,0,1.0,1.0,canonical_candidate
42104610,"Autophagy as a Redox Rheostat Linking Cigarette Smoke, Electronic Cigarettes, and Nicotine Exposure to Lung Development, Disease, and Interorgan Communication.",0,,0,,0,,2,mitochondrial quality control; mitophagy,2,1,0,1,0,0,0,0,1.0,1.0,canonical_candidate
42086890,Loss of sirtuin 3 disrupts cellular senescence signaling pathways.,0,,0,,0,,0,,3,1,1,1,1,0,0,0,1.0,1.0,canonical_candidate
42065350,"Do menopausal symptoms signal early biological aging? Mitochondrial, endocrine and clinical insights.",0,,0,,0,,0,,2,1,0,1,0,0,0,0,1.0,1.0,canonical_candidate
42034933,Therapeutic potential of plant-derived exosome-like nanovesicles as a phytomedicine in age-related diseases.,0,,0,,0,,0,,2,0,0,1,0,0,0,0,1.0,1.0,canonical_candidate
41991642,Beyond energy production: targeting mitochondrial biogenesis in aging and cancer with phytochemical intervention.,0,,0,,0,,2,mitochondrial biogenesis; mitochondrial dynamics,2,0,0,0,0,0,0,0,1.0,1.0,canonical_candidate
41990575,FTMT-mediated suppression of mitophagy links iron accumulation to osteoporosis.,0,,0,,1,PINK1,1,mitophagy,3,1,1,2,1,0,0,0,1.0,1.0,canonical_candidate
41985718,Inhibition of S100A9 mitigates aging-related mitochondrial dysfunction and neurodegeneration in Parkinson's disease.,0,,0,,0,,1,mitochondrial biogenesis,2,0,0,1,0,0,0,0,1.0,1.0,canonical_candidate
41967814,"Age-associated regulation of chondrocyte hypertrophy in osteoarthritis: Mechanisms, therapeutic implications, and cartilage fate reprogramming.",0,,0,,0,,0,,2,1,0,1,0,0,0,0,1.0,1.0,canonical_candidate
41967813,"Nanomedicine guiding mitochondrial function in the treatment of cardiovascular diseases: Mechanisms, latest developments, and clinical translation.",0,,0,,0,,2,mitochondrial dynamics; mitochondrial quality control; mitophagy,2,0,0,0,0,0,0,0,1.0,1.0,canonical_candidate
41967232,Chlorogenic acid ameliorates ovarian aging in laying chickens by restoring lipid metabolism and steroidogenesis via the ERK/PPARα signaling pathway.,0,,1,transcriptomics,0,,1,mitochondrial homeostasis,2,0,0,0,0,0,0,0,1.0,1.0,canonical_candidate
41956196,Glial dynamics in brain aging: Cellular heterogeneity and regional vulnerability.,0,,1,transcriptomics,0,,0,,2,1,0,1,0,0,0,0,1.0,1.0,canonical_candidate
41935581,Endothelial cell senescence and mitochondrial dysfunction in vascular ageing.,0,,0,,0,,0,,2,0,0,1,0,1,0,0,1.0,1.0,canonical_candidate
41887334,Testicular aging revisited: Current understanding of mechanisms and emerging interventions.,0,,0,,0,,0,,2,1,0,1,0,0,0,0,1.0,1.0,canonical_candidate
41850336,The aging cornea: From mechanisms to clinical applications.,0,,0,,0,,0,,2,1,1,1,0,0,0,0,1.0,1.0,canonical_candidate
41846081,Paeonol alleviates granulosa cell senescence in laying chickens via the PI3K/Akt/mTOR signaling pathway.,2,consistent,1,transcriptomics,0,,2,mitochondrial ROS; mitochondrial dynamics; mitochondrial membrane potential,2,0,0,0,0,0,0,0,1.0,1.0,canonical_candidate
41833832,Sympathetic overactivity-induced type H endothelial cell senescence contributes to the impairment of vascularized osteogenesis by PKM2-mediated glycolysis in preclinical stages of Alzheimer's mice.,0,,1,transcriptomics,0,,0,,3,0,0,1,1,0,0,0,1.0,1.0,canonical_candidate
41831577,Lactate-lactylation axis as an emerging metabolic-epigenetic pathway in diabetic microvascular complications.,0,,0,,0,,0,,2,0,0,1,0,0,0,0,1.0,1.0,canonical_candidate
41819219,"Renal inflammaging: Mechanisms, pathophysiology and therapeutic prospects.",0,,0,,0,,0,,2,0,0,0,0,0,0,0,1.0,1.0,canonical_candidate
41795854,Endothelial cell senescence: A core mechanism in the development of cardiovascular metabolic diseases.,0,,0,,0,,0,,2,0,0,1,0,0,0,0,1.0,1.0,canonical_candidate
41785972,"Growth differentiation factor-15 as a clinical biomarker of frailty, sarcopenia and functional decline: A systematic literature review.",0,consistent,0,,0,,0,,2,0,0,1,0,0,0,0,1.0,1.0,canonical_candidate
41542923,Dihydroorotate dehydrogenase (DHODH) regulates trophoblast syncytialization through organelle stress-induced cellular senescence.,0,,0,,0,,0,,0,0,0,0,0,0,0,0,1.0,1.0,canonical_candidate
41381971,A multi-omics analysis of human fibroblasts overexpressing an Alu transposon reveals widespread disruptions in aging-associated pathways.,0,,3,transcriptomics; proteomics,0,,0,,2,0,0,0,0,0,0,0,1.0,1.0,canonical_candidate
42218500,ACOD1 deficiency promotes DDX1 methylation-mediated mitochondrial dysfunction and dermal papilla cell senescence in androgenetic alopecia.,0,,2,transcriptomics; proteomics; metabolomics,0,,0,,3,4,3,4,3,1,1,1,1.0,1.0,canonical_candidate
42216043,Inhibiting the Hif-1α-Drp1 axis alleviates mitochondrial dysfunction and reduces senescence-like changes in myocardial tissue after acute myocardial infarction.,0,,0,,1,DRP1,2,mitochondrial dynamics; mitochondrial fission; mitochondrial homeostasis,3,1,1,3,1,1,0,0,1.0,1.0,canonical_candidate
42212533,Mitochondrial Transfer-Driven Immune Evasion in the Tumor Microenvironment.,0,,0,,0,,1,mitophagy,3,1,0,1,1,0,0,0,1.0,1.0,canonical_candidate
42212306,PRKN Ser131 phosphorylation promotes cigarette smoke-induced mitophagy impairment and epithelial cell senescence via MKK3/p38 MAPK activation: An in vitro and in vivo study.,0,,0,,2,PINK1; PRKN,2,mitochondrial ROS; mitophagy,3,5,1,7,3,1,0,0,1.0,1.0,canonical_candidate
42278258,Metformin Alleviates Stress-Induced Premature Senescence of Vascular Endothelial Cells by Regulating Mitocytosis.,0,,1,transcriptomics,0,,2,mitochondrial dynamics; mitochondrial membrane potential,2,0,0,0,0,0,0,0,1.0,1.0,canonical_candidate
42178923,NMN/NAD+ enhances SIRT2-modulated microtubule dynamics to improve mitochondrial and mitophagy functions in senescent cells.,0,,0,,0,,2,mitochondrial dynamics; mitochondrial quality control; mitophagy,2,3,0,3,0,1,0,0,1.0,1.0,canonical_candidate
42253366,The cellular choreography of brain aging: a neuroimmune network perspective.,0,,0,,0,,0,,1,0,0,1,0,0,0,0,1.0,1.0,canonical_candidate
42174261,Molecular mechanisms and therapeutic strategies of glomerular cell senescence in diabetic kidney disease: from heterogeneity to precision intervention.,0,,0,,0,,0,,2,1,0,1,0,0,0,0,1.0,1.0,canonical_candidate
42172255,S-palmitoylation regulates the function of the mitochondria-associated endoplasmic reticulum membrane to alleviate the senescence of nucleus pulposus cells.,0,,0,,2,DRP1; MFN2,1,mitochondrial membrane potential,2,0,0,0,0,0,0,0,1.0,1.0,canonical_candidate
42171935,Skin as a sentinel and modulator of systemic aging: a translational framework for evidence-based gerotherapeutics.,0,,0,,0,,0,,2,0,0,1,0,0,0,0,1.0,1.0,canonical_candidate
42171843,Alkaloids from Dendrobium Nobile Lindl Improves Mitochondrial Function by Enhancing the Activity of v-ATPase in APP/PS1 Mice.,0,,0,,0,,1,mitochondrial membrane potential,2,1,1,1,0,0,0,0,1.0,1.0,canonical_candidate
42193955,Influence of Donor Obesity on Adipose-Derived Stem Cell Function and Therapeutic Efficacy.,0,,0,,0,,0,,0,0,0,0,0,0,0,0,1.0,1.0,canonical_candidate
