ref_id,reference,primary_genes,mitochondrial_processes,senescence_terms,omics_or_methods,knowledge_role,knowledge_role_detail,classification_basis
1,"Kennedy, B.K., Berger, S.L., Brunet, A., Campisi, J., Cuervo, A.M., Epel, E.S., Franceschi, C., Lithgow, G.J., Morimoto, R.I., Pessin, J.E., Rando, T.A., Richardson, A., Schadt, E.E., Wyss-Coray, T., & Sierra, F. (2014). Geroscience: linking aging to chronic disease. Cell, 159(4), 709–713. https://doi.org/10.1016/j.cell.2014.10.039",,mitochondrial ROS,aging,,Mechanistically relevant,Mechanistic support,Automated keyword classification from reference metadata/title text; requires audit
2,"GBD 2019 Diseases and Injuries Collaborators. (2020). Global burden of 369 diseases and injuries in 204 countries and territories, 1990–2019. The Lancet, 396(10258), 1204–1222. https://doi.org/10.1016/S0140-6736(20)30925-9",,,,,Peripheral,Peripheral,Automated keyword classification from reference metadata/title text; requires audit
3,"López-Otín, C., Blasco, M.A., Partridge, L., Serrano, M., & Kroemer, G. (2013). The hallmarks of aging. Cell, 153(6), 1194–1217. https://doi.org/10.1016/j.cell.2013.05.039",,,aging,,Background,Background,Automated keyword classification from reference metadata/title text; requires audit
4,"López-Otín, C., Blasco, M.A., Partridge, L., Serrano, M., & Kroemer, G. (2023). Hallmarks of aging: An expanding universe. Cell, 186(2), 243–278. https://doi.org/10.1016/j.cell.2022.11.001",,,aging,,Background,Background,Automated keyword classification from reference metadata/title text; requires audit
5,"Baker, D.J., Wijshake, T., Tchkonia, T., LeBrasseur, N.K., Childs, B.G., van de Sluis, B., Kirkland, J.L., & van Deursen, J.M. (2011). Clearance of p16Ink4a-positive senescent cells delays ageing-associated disorders. Nature, 479(7372), 232–236. https://doi.org/10.1038/nature10600",,,senescent; ageing; p16,,Background,Background,Automated keyword classification from reference metadata/title text; requires audit
6,"Kennedy, E.P., & Lehninger, A.L. (1949). Oxidation of fatty acids and tricarboxylic acid cycle intermediates by isolated rat liver mitochondria. Journal of Biological Chemistry, 179, 957–972. [Historical reference — pre-DOI era]",,,,,Background,Background,Automated keyword classification from reference metadata/title text; requires audit
7,"Sagan, L. (1967). On the origin of mitosing cells. Journal of Theoretical Biology, 14(3), 225–274. https://doi.org/10.1016/0022-5193(67)90079-3",,,,,Peripheral,Peripheral,Automated keyword classification from reference metadata/title text; requires audit
8,"Wallace, D.C., Singh, G., Lott, M.T., Hodge, J.A., Schurr, T.G., Lezza, A.M.S., Elsas, L.J., & Nikoskelainen, E.K. (1988). Mitochondrial DNA mutation associated with Leber’s hereditary optic neuropathy. Science, 242(4884), 1427–1430. https://doi.org/10.1126/science.3201231",,,,,Background,Background,Automated keyword classification from reference metadata/title text; requires audit
9,"Chan, D.C. (2006). Mitochondrial fusion and fission in mammals. Annual Review of Cell and Developmental Biology, 22, 79–99. https://doi.org/10.1146/annurev.cellbio.22.010305.104638",,mitochondrial fission; mitochondrial fusion,,,Mechanistically relevant,Mechanistic support,Automated keyword classification from reference metadata/title text; requires audit
10,"Martini, H., & Passos, J.F. (2023). Cellular senescence: all roads lead to mitochondria. FEBS Journal, 290(5), 1186–1202. https://doi.org/10.1111/febs.16361",,,cellular senescence; senescence,,Background,Background,Automated keyword classification from reference metadata/title text; requires audit
11,"Chapman, J., Fielder, E., & Passos, J.F. (2019). Mitochondrial dysfunction and cell senescence: deciphering a complex relationship. FEBS Letters, 593(13), 1566–1579. https://doi.org/10.1002/1873-3468.13498",,,senescence,,Background,Background,Automated keyword classification from reference metadata/title text; requires audit
12,"Wiley, C.D., Velarde, M.C., Lecot, P., Liu, S., Sarnoski, E.A., Freund, A., Shirakawa, K., Lim, H.W., Davis, S.S., Ramanathan, A., Gerencser, A.A., Verdin, E., & Campisi, J. (2016). Mitochondrial dysfunction induces senescence with a distinct secretory phenotype. Cell Metabolism, 23(2), 303–314. https://doi.org/10.1016/j.cmet.2015.11.011",,,senescence,,Background,Background,Automated keyword classification from reference metadata/title text; requires audit
13,"Correia-Melo, C., Marques, F.D., Anderson, R., Hewitt, G., Hewitt, R., Cole, J., Carroll, B.M., Miwa, S., Birch, J., Merz, A., Rushton, M.D., Charles, M., Jurk, D., Tait, S.W.G., Czapiewski, R., Greaves, L., Nelson, G., Mann, D., Saretzki, G., Quarato, G., Green, D.R., Adams, P.D., von Zglinicki, T., Korolchuk, V.I., & Passos, J.F. (2016). Mitochondria are required for pro-ageing features of the senescent phenotype. EMBO Journal, 35(4), 724–742. https://doi.org/10.15252/embj.201592862",,,senescent; ageing,,Background,Background,Automated keyword classification from reference metadata/title text; requires audit
14,"Ziegler, D.V., Wiley, C.D., & Velarde, M.C. (2015). Mitochondrial effectors of cellular senescence: beyond the free radical theory of aging. Aging Cell, 14(1), 1–7. https://doi.org/10.1111/acel.12287",,,cellular senescence; senescence; aging,,Background,Background,Automated keyword classification from reference metadata/title text; requires audit
15,"Sun, N., Youle, R.J., & Finkel, T. (2016). The Mitochondrial Basis of Aging. Molecular Cell, 61(5), 654–666. https://doi.org/10.1016/j.molcel.2016.01.028",,,aging,,Background,Background,Automated keyword classification from reference metadata/title text; requires audit
16,"Barabási, A.L., Gulbahce, N., & Loscalzo, J. (2011). Network medicine: a network-based approach to human disease. Nature Reviews Genetics, 12(1), 56–68. https://doi.org/10.1038/nrg2918",,NAD metabolism,,network,Peripheral,Peripheral,Automated keyword classification from reference metadata/title text; requires audit
17,"Chan, D.C. (2012). Fusion and fission: interlinked processes critical for mitochondrial health. Annual Review of Genetics, 46, 265–287. https://doi.org/10.1146/annurev-genet-110410-132529",,mitochondrial fission; mitochondrial fusion; mitochondrial function,,,Mechanistically relevant,Mechanistic support,Automated keyword classification from reference metadata/title text; requires audit
18,"Lazarou, M., Sliter, D.A., Kane, L.A., Sarraf, S.A., Wang, C., Burman, J.L., Sideris, D.P., Fogel, A.I., & Youle, R.J. (2015). The ubiquitin kinase PINK1 recruits autophagy receptors to induce mitophagy. Nature, 524(7565), 309–314. https://doi.org/10.1038/nature14893",PINK1,mitophagy; mitochondrial quality control,,,Peripheral,Peripheral,Automated keyword classification from reference metadata/title text; requires audit
19,"Hayflick, L., & Moorhead, P.S. (1961). Serial cultivation of human diploid cell strains. Experimental Cell Research, 25(3), 585–621. https://doi.org/10.1016/0014-4827(61)90192-6",,,,,Peripheral,Peripheral,Automated keyword classification from reference metadata/title text; requires audit
20,"Hayflick, L. (1965). The limited in vitro lifetime of human diploid cell strains. Experimental Cell Research, 37(3), 614–636. https://doi.org/10.1016/0014-4827(65)90211-9",,,,,Peripheral,Peripheral,Automated keyword classification from reference metadata/title text; requires audit
21,"Campisi, J. (2013). Aging, cellular senescence, and cancer. Annual Review of Physiology, 75, 685–705. https://doi.org/10.1146/annurev-physiol-030212-183653",,,cellular senescence; senescence; aging,,Background,Background,Automated keyword classification from reference metadata/title text; requires audit
22,"Gorgoulis, V., Adams, P.D., Alimonti, A., Bennett, D.C., Bischof, O., Bishop, C., Campisi, J., Collado, M., Evangelou, K., Ferbeyre, G., Gil, J., Hara, E., Krizhanovsky, V., Jurk, D., Maier, A.B., Narita, M., Niedernhofer, L., Passos, J.F., Robbins, P.D., Schmitt, C.A., Sedivy, J., Vougas, K., von Zglinicki, T., Zhou, D., Serrano, M., & Demaria, M. (2019). Cellular senescence: defining a path forward. Cell, 179(4), 813–827. https://doi.org/10.1016/j.cell.2019.10.005",,,cellular senescence; senescence,,Background,Background,Automated keyword classification from reference metadata/title text; requires audit
23,"Sharpless, N.E., & Sherr, C.J. (2015). Forging a signature of in vivo senescence. Nature Reviews Cancer, 15(7), 397–408. https://doi.org/10.1038/nrc3960",,NAD metabolism,senescence,,Mechanistically relevant,Mechanistic support,Automated keyword classification from reference metadata/title text; requires audit
24,"Acosta, J.C., Banito, A., Wuestefeld, T., Georgilis, A., Janich, P., Morton, J.P., Athineos, D., Kang, T.W., Lasitschka, F., Andrulis, M., Pascual, G., Morris, K.J., Khan, S., Jin, H., Dharmalingam, G., Snijders, A.P., Carroll, T., Capper, D., Pritchard, C., Inman, G.J., Longerich, T., Sansom, O.J., Benitah, S.A., Zender, L., & Gil, J. (2013). A complex secretory program orchestrated by the inflammasome controls paracrine senescence. Nature Cell Biology, 15(8), 978–990. https://doi.org/10.1038/ncb2784",,,senescence,,Background,Background,Automated keyword classification from reference metadata/title text; requires audit
25,"Rodier, F., & Campisi, J. (2011). Four faces of cellular senescence. Journal of Cell Biology, 192(4), 547–556. https://doi.org/10.1083/jcb.201009094",,,cellular senescence; senescence,,Background,Background,Automated keyword classification from reference metadata/title text; requires audit
26,"Dimri, G.P., Lee, X., Basile, G., Acosta, M., Scott, G., Roskelley, C., Medrano, E.E., Linskens, M., Rubelj, I., Pereira-Smith, O., Peacocke, M., & Campisi, J. (1995). A biomarker that identifies senescent human cells in culture and in aging skin in vivo. Proceedings of the National Academy of Sciences, 92(20), 9363–9367. https://doi.org/10.1073/pnas.92.20.9363",,mitochondrial ROS,senescent; aging,,Mechanistically relevant,Mechanistic support,Automated keyword classification from reference metadata/title text; requires audit
27,"Debacq-Chainiaux, F., Erusalimsky, J.D., Campisi, J., & Toussaint, O. (2009). Protocols to detect senescence-associated beta-galactosidase (SA-βgal) activity, a biomarker of senescent cells in culture and in vivo. Nature Protocols, 4(12), 1798–1806. https://doi.org/10.1038/nprot.2009.191",,,senescence; senescent,,Background,Background,Automated keyword classification from reference metadata/title text; requires audit
28,"Hernandez-Segura, A., de Jong, T.V., Melov, S., Guryev, V., Campisi, J., & Demaria, M. (2017). Unmasking transcriptional heterogeneity in senescent cells. Current Biology, 27(17), 2652–2660. https://doi.org/10.1016/j.cub.2017.07.033",,,senescent,,Background,Background,Automated keyword classification from reference metadata/title text; requires audit
29,"Saul, D., Khosla, S., Kaufmann, S.H., & Farr, J.N. (2022). A new gene set identifies senescent cells and predicts senescence-associated pathways across tissues. Nature Communications, 13(1), 4827. https://doi.org/10.1038/s41467-022-32552-1",,mitochondrial ROS,senescence; senescent,,Mechanistically relevant,Mechanistic support,Automated keyword classification from reference metadata/title text; requires audit
30,"Sen, P., Shah, P.P., Nativio, R., & Berger, S.L. (2016). Epigenetic mechanisms of longevity and aging. Cell, 166(4), 822–839. https://doi.org/10.1016/j.cell.2016.07.050",,,aging,,Background,Background,Automated keyword classification from reference metadata/title text; requires audit
31,"Lowe, D., Horvath, S., & Raj, K. (2016). Epigenetic clock analyses of cellular senescence and ageing. Oncotarget, 7(8), 8524–8531. https://doi.org/10.18632/oncotarget.7383",,,cellular senescence; senescence; ageing,,Background,Background,Automated keyword classification from reference metadata/title text; requires audit
32,"Coppé, J.P., Patil, C.K., Rodier, F., Sun, Y., Muñoz, D.P., Goldstein, J., Nelson, P.S., Desprez, P.Y., & Campisi, J. (2008). Senescence-associated secretory phenotypes reveal cell-nonautonomous functions of oncogenic RAS and the p53 tumor suppressor. PLoS Biology, 6(12), e301. https://doi.org/10.1371/journal.pbio.0060301",,,senescence,,Background,Background,Automated keyword classification from reference metadata/title text; requires audit
33,"Coppé, J.P., Desprez, P.Y., Krtolica, A., & Campisi, J. (2010). The senescence-associated secretory phenotype: the dark side of tumor suppression. Annual Review of Pathology, 5, 99–118. https://doi.org/10.1146/annurev-pathol-121808-102144",,,senescence,,Background,Background,Automated keyword classification from reference metadata/title text; requires audit
34,"Basisty, N., Kale, A., Jeon, O.H., Kuehnemann, C., Payne, T., Rao, C., Holtz, A., Shah, S., Sharma, V., Ferrucci, L., Campisi, J., & Schilling, B. (2020). A proteomic atlas of senescence-associated secretomes for aging biomarker development. PLOS Biology, 18(1), e3000599. https://doi.org/10.1371/journal.pbio.3000599",,,senescence; aging,proteom,Methodologically relevant,Methods/pipeline knowledge,Automated keyword classification from reference metadata/title text; requires audit
35,"Dou, Z., Ghosh, K., Vizioli, M.G., Zhu, J., Sen, P., Wangensteen, K.J., Simithy, J., Lan, Y., Lin, Y., Zhou, Z., Capell, B.C., Xu, C., Xu, M., Kieckhaefer, J.E., Jiang, T., Shoshkes-Carmel, M., Tanim, K.M.A.A., Barber, G.N., Seykora, J.T., & Berger, S.L. (2017). Cytoplasmic chromatin triggers inflammation in senescence and cancer. Nature, 550(7676), 402–406. https://doi.org/10.1038/nature24050",,mtDNA/cGAS-STING,senescence,,Mechanistically relevant,Mechanistic support,Automated keyword classification from reference metadata/title text; requires audit
36,"Glück, S., Guey, B., Gulen, M.F., Wolter, K., Kang, T.W., Schmacke, N.A., Bridgeman, A., Rehwinkel, J., Zender, L., & Ablasser, A. (2017). Innate immune sensing of cytosolic chromatin fragments through cGAS promotes senescence. Nature Cell Biology, 19(9), 1061–1070. https://doi.org/10.1038/ncb3586",,mtDNA/cGAS-STING,senescence,,Mechanistically relevant,Mechanistic support,Automated keyword classification from reference metadata/title text; requires audit
37,"Vizioli, M.G., Liu, T., Miller, K.N., Robertson, N.A., Gilroy, K., Lagnado, A.B., Perez-Garcia, A., Kiourtis, C., Dasgupta, N., Lei, X., Kruger, P.J., Nixon, C., Clark, W., Jurk, D., Bird, T.G., Passos, J.F., Berger, S.L., Dou, Z., & Adams, P.D. (2020). Mitochondria-to-nucleus retrograde signaling drives formation of cytoplasmic chromatin and inflammation in senescence. Genes and Development, 34(5–6), 428–445. https://doi.org/10.1101/gad.331272.119",,mtDNA/cGAS-STING,senescence,,Mechanistically relevant,Mechanistic support,Automated keyword classification from reference metadata/title text; requires audit
38,"Decout, A., Katz, J.D., Venkatraman, S., & Ablasser, A. (2021). The cGAS–STING pathway as a therapeutic target in inflammatory diseases. Nature Reviews Immunology, 21(9), 548–569. https://doi.org/10.1038/s41577-021-00524-z",,mtDNA/cGAS-STING,,,Peripheral,Peripheral,Automated keyword classification from reference metadata/title text; requires audit
39,"Demaria, M., Ohtani, N., Youssef, S.A., Rodier, F., Toussaint, W., Mitchell, J.R., Laberge, R.M., Vijg, J., Van Steeg, H., Dollé, M.E., Hoeijmakers, J.H., de Bruin, A., Hara, E., & Campisi, J. (2014). An essential role for senescent cells in optimal wound healing through secretion of PDGF-AA. Developmental Cell, 31(6), 722–733. https://doi.org/10.1016/j.devcel.2014.11.012",,,senescent,,Background,Background,Automated keyword classification from reference metadata/title text; requires audit
40,"Muñoz-Espín, D., Cañamero, M., Maraver, A., Gómez-López, G., Contreras, J., Murillo-Cuesta, S., Rodríguez-Baeza, A., Varela-Nieto, I., Ruberte, J., Collado, M., & Serrano, M. (2013). Programmed cell senescence during mammalian embryonic development. Cell, 155(5), 1104–1118. https://doi.org/10.1016/j.cell.2013.10.019",,,senescence,,Background,Background,Automated keyword classification from reference metadata/title text; requires audit
41,"van Deursen, J.M. (2014). The role of senescent cells in ageing. Nature, 509(7501), 439–446. https://doi.org/10.1038/nature13193",,,senescent; ageing,,Background,Background,Automated keyword classification from reference metadata/title text; requires audit
42,"Chaib, S., Tchkonia, T., & Kirkland, J.L. (2022). Cellular senescence and senolytics: the path to the clinic. Nature Medicine, 28(8), 1556–1568. https://doi.org/10.1038/s41591-022-01923-y",,,cellular senescence; senescence,,Background,Background,Automated keyword classification from reference metadata/title text; requires audit
43,"Kirkland, J.L., & Tchkonia, T. (2020). Senolytic drugs: from discovery to translation. Journal of Internal Medicine, 288(5), 518–536. https://doi.org/10.1111/joim.13141",,,,,Peripheral,Peripheral,Automated keyword classification from reference metadata/title text; requires audit
44,"Nunnari, J., & Suomalainen, A. (2012). Mitochondria: in sickness and in health. Cell, 148(6), 1145–1159. https://doi.org/10.1016/j.cell.2012.02.035",,,,,Background,Background,Automated keyword classification from reference metadata/title text; requires audit
45,"Rath, S., Sharma, R., Gupta, R., Ast, T., Chan, C., Durham, T.J., Goodman, R.P., Grabarek, Z., Haas, M.E., Hung, W.H.W., Joshi, P.R., Jourdain, A.A., Kim, S.H., Kotrys, A.V., Lam, S.S., McCoy, J.G., Meisel, J.D., Miranda, M., Panda, A., Patgiri, A., Rajasekharan, S., Robichaud, S., Rodriguez, D.A., Rutter, J., Sadre, S., Salomonis, N., Sarosiek, K.A., Shulha, H.P., Zarber, E., & Mootha, V.K. (2021). MitoCarta3.0: an updated mitochondrial proteome now with sub-organelle localization and pathway annotations. Nucleic Acids Research, 49(D1), D1541–D1547. https://doi.org/10.1093/nar/gkaa1011",,mitochondrial ROS,,proteom,Mechanistically relevant,Methods/pipeline knowledge,Automated keyword classification from reference metadata/title text; requires audit
46,"Wallace, D.C. (2005). A mitochondrial paradigm of metabolic and degenerative diseases, aging, and cancer: a dawn for evolutionary medicine. Annual Review of Genetics, 39, 359–407. https://doi.org/10.1146/annurev.genet.39.110304.095751",,,aging,,Background,Background,Automated keyword classification from reference metadata/title text; requires audit
47,"Spinelli, J.B., & Haigis, M.C. (2018). The multifaceted contributions of mitochondria to cellular metabolism. Nature Cell Biology, 20(7), 745–754. https://doi.org/10.1038/s41556-018-0124-1",,,,,Background,Background,Automated keyword classification from reference metadata/title text; requires audit
48,"Tilokani, L., Nagashima, S., Paupe, V., & Prudent, J. (2018). Mitochondrial dynamics: overview of molecular mechanisms. Essays in Biochemistry, 62(3), 341–360. https://doi.org/10.1042/EBC20170104",,,,,Background,Background,Automated keyword classification from reference metadata/title text; requires audit
49,"Onishi, M., Yamano, K., Sato, M., Matsuda, N., & Okamoto, K. (2021). Molecular mechanisms and physiological functions of mitophagy. EMBO Journal, 40(3), e104705. https://doi.org/10.15252/embj.2020104705",,mitophagy; mitochondrial quality control,,,Peripheral,Peripheral,Automated keyword classification from reference metadata/title text; requires audit
50,"Narendra, D.P., Jin, S.M., Tanaka, A., Suen, D.F., Gautier, C.A., Shen, J., Cookson, M.R., & Youle, R.J. (2010). PINK1 is selectively stabilized on impaired mitochondria to activate Parkin. PLOS Biology, 8(1), e1000298. https://doi.org/10.1371/journal.pbio.1000298",PINK1; PRKN/PARK2,mitophagy,,,Mechanistically relevant,Mechanistic support,Automated keyword classification from reference metadata/title text; requires audit
51,"Sandoval, H., Thiagarajan, P., Dasgupta, S.K., Schumacher, A., Prchal, J.T., Chen, M., & Wang, J. (2008). Essential role for Nix in autophagic maturation of erythroid cells. Nature, 454(7201), 232–235. https://doi.org/10.1038/nature07006",,,,,Peripheral,Peripheral,Automated keyword classification from reference metadata/title text; requires audit
52,"Palikaras, K., Lionaki, E., & Tavernarakis, N. (2015). Coordination of mitophagy and mitochondrial biogenesis during ageing in C. elegans. Nature, 521(7553), 525–528. https://doi.org/10.1038/nature14300",,mitophagy; mitochondrial quality control,ageing,,Mechanistically relevant,Mechanistic support,Automated keyword classification from reference metadata/title text; requires audit
53,"Aman, Y., Schmauck-Medina, T., Hansen, M., Morimoto, R.I., Simon, A.K., Bjedov, I., Papamichos-Chronakis, M., Simonsen, A., & Fang, E.F. (2021). Autophagy in healthy aging and disease. Nature Aging, 1(8), 634–650. https://doi.org/10.1038/s43587-021-00098-4",,,aging,,Background,Background,Automated keyword classification from reference metadata/title text; requires audit
54,"Murphy, M.P. (2009). How mitochondria produce reactive oxygen species. Biochemical Journal, 417(1), 1–13. https://doi.org/10.1042/BJ20081386",,mitochondrial ROS,,,Mechanistically relevant,Mechanistic support,Automated keyword classification from reference metadata/title text; requires audit
55,"Schieber, M., & Chandel, N.S. (2014). ROS function in redox signaling and oxidative stress. Current Biology, 24(10), R453–R462. https://doi.org/10.1016/j.cub.2014.03.034",,mitochondrial ROS,,,Peripheral,Peripheral,Automated keyword classification from reference metadata/title text; requires audit
56,"Balaban, R.S., Nemoto, S., & Finkel, T. (2005). Mitochondria, oxidants, and aging. Cell, 120(4), 483–495. https://doi.org/10.1016/j.cell.2005.02.001",,,aging,,Background,Background,Automated keyword classification from reference metadata/title text; requires audit
57,"Passos, J.F., Nelson, G., Wang, C., Richter, T., Simillion, C., Proctor, C.J., Miwa, S., Olijslagers, S., Hallinan, J., Wipat, A., Saretzki, G., Rudolph, K.L., Kirkwood, T.B.L., & von Zglinicki, T. (2010). Feedback between p21 and reactive oxygen production is necessary for cell senescence. Molecular Systems Biology, 6, 347. https://doi.org/10.1038/msb.2010.5",,mitochondrial ROS,senescence; p21,,Mechanistically relevant,Mechanistic support,Automated keyword classification from reference metadata/title text; requires audit
58,"Losón, O.C., Song, Z., Chen, H., & Chan, D.C. (2013). Fis1, Mff, MiD49, and MiD51 mediate Drp1 recruitment in mitochondrial fission. Molecular Biology of the Cell, 24(5), 659–667. https://doi.org/10.1091/mbc.E12-10-0721",DNM1L,mitochondrial fission,,,Mechanistically relevant,Mechanistic support,Automated keyword classification from reference metadata/title text; requires audit
59,"Nagashima, S., Tabara, L.C., Tilokani, L., Paupe, V., Plecitá-Hlаватá, L., Ježek, P., & Prudent, J. (2020). Golgi-derived PI(4)P-containing vesicles drive late steps of mitochondrial division. Science, 367(6483), 1366–1371. https://doi.org/10.1126/science.aax6089",,mitochondrial fission,,,Mechanistically relevant,Mechanistic support,Automated keyword classification from reference metadata/title text; requires audit
60,"Kalia, R., Wang, R.Y.-R., Yusuf, A., Thomas, P.V., Agard, D.A., Shaw, J.M., & Frost, A. (2018). Structural basis of mitochondrial receptor binding and constriction by DRP1. Nature, 558(7710), 401–405. https://doi.org/10.1038/s41586-018-0211-2",DNM1L,mitochondrial fission; mitochondrial ROS,,,Mechanistically relevant,Mechanistic support,Automated keyword classification from reference metadata/title text; requires audit
61,"Taguchi, N., Ishihara, N., Jofuku, A., Oka, T., & Mihara, K. (2007). Mitotic phosphorylation of dynamin-related GTPase Drp1 participates in mitochondrial fission. Journal of Biological Chemistry, 282(15), 11521–11529. https://doi.org/10.1074/jbc.M607279200",DNM1L,mitochondrial fission,,,Mechanistically relevant,Mechanistic support,Automated keyword classification from reference metadata/title text; requires audit
62,"Kashatus, J.A., Nascimento, A., Myers, L.J., Sher, A., Byrne, F.L., Hoehn, K.L., Counter, C.M., & Kashatus, D.F. (2015). Erk2 phosphorylation of Drp1 promotes mitochondrial fission and MAPK-driven tumor growth. Molecular Cell, 57(3), 537–551. https://doi.org/10.1016/j.molcel.2015.01.002",DNM1L,mitochondrial fission,,,Mechanistically relevant,Mechanistic support,Automated keyword classification from reference metadata/title text; requires audit
63,"Park, Y.Y., Lee, S., Karbowski, M., Neutzner, A., Youle, R.J., & Cho, H. (2010). Loss of MARCH5 mitochondrial E3 ubiquitin ligase induces cellular senescence through dynamin-related protein 1 and mitofusin 1. Journal of Cell Science, 123(4), 619–626. https://doi.org/10.1242/jcs.061481",DNM1L,mitochondrial fusion,cellular senescence; senescence,,Directly relevant,Core mechanistic evidence,Automated keyword classification from reference metadata/title text; requires audit
64,"Mai, S., Klinkenberg, M., Auburger, G., Bereiter-Hahn, J., & Jendrach, M. (2010). Decreased expression of Drp1 and Fis1 mediates mitochondrial elongation in senescent cells and enhances resistance to oxidative stress through PINK1. Journal of Cell Science, 123(6), 917–926. https://doi.org/10.1242/jcs.059246",DNM1L; PINK1,mitochondrial fission; mitophagy; mitochondrial ROS,senescent,,Directly relevant,Core mechanistic evidence,Automated keyword classification from reference metadata/title text; requires audit
65,"Lee, S., Jeong, S.Y., Lim, W.C., Kim, S., Park, Y.Y., Sun, X., Youle, R.J., & Cho, H. (2007). Mitochondrial fission and fusion mediators, hFis1 and OPA1, modulate cellular senescence. Journal of Biological Chemistry, 282(31), 22977–22983. https://doi.org/10.1074/jbc.M700679200",OPA1,mitochondrial fission; mitochondrial fusion,cellular senescence; senescence,,Directly relevant,Core mechanistic evidence,Automated keyword classification from reference metadata/title text; requires audit
66,"You, Y., Chen, X., Chen, Y., Pang, J., Chen, Q., Liu, Q., Xue, H., Zeng, Y., Xiao, J., Mi, J., Tang, Y., & Ling, W. (2023). Epigenetic modulation of Drp1-mediated mitochondrial fission by inhibition of S-adenosylhomocysteine hydrolase promotes vascular senescence and atherosclerosis. Redox Biology, 65, 102828. https://doi.org/10.1016/j.redox.2023.102828",DNM1L,mitochondrial fission; mitochondrial ROS,senescence,,Directly relevant,Core gene/mechanism evidence,Automated keyword classification from reference metadata/title text; requires audit
67,"Frezza, C., Cipolat, S., Martins de Brito, O., Micaroni, M., Beznoussenko, G.V., Rudka, T., & Scorrano, L. (2006). OPA1 controls apoptotic cristae remodeling independently from mitochondrial fusion. Cell, 126(1), 177–189. https://doi.org/10.1016/j.cell.2006.06.025",OPA1,mitochondrial fusion,,,Mechanistically relevant,Mechanistic support,Automated keyword classification from reference metadata/title text; requires audit
68,"Cogliati, S., Frezza, C., Soriano, M.E., Varanita, T., Quintana-Cabrera, R., Corrado, M., Cipolat, S., Costa, V., Casarin, A., Gomes, L.C., Perales-Clemente, E., Salviati, L., Fernandez-Silva, P., Enriquez, J.A., & Scorrano, L. (2013). Mitochondrial cristae shape determines respiratory chain supercomplexes assembly and respiratory efficiency. Cell, 155(1), 160–171. https://doi.org/10.1016/j.cell.2013.08.032",,mitochondrial function; NAD metabolism,,,Mechanistically relevant,Mechanistic support,Automated keyword classification from reference metadata/title text; requires audit
69,"Anand, R., Wai, T., Baker, M.J., Kladt, N., Schauss, A.C., Rugarli, E., & Langer, T. (2014). The i-AAA protease YME1L and OMA1 cleave OPA1 to balance mitochondrial fusion and fission. Journal of Cell Biology, 204(6), 919–929. https://doi.org/10.1083/jcb.201308006",OPA1,mitochondrial fission; mitochondrial fusion,,,Mechanistically relevant,Mechanistic support,Automated keyword classification from reference metadata/title text; requires audit
70,"Langer, T. (2016). OPA1 processing in cell death and disease — the long and short of it. Journal of Cell Science, 129(12), 2297–2306. https://doi.org/10.1242/jcs.159186",OPA1,mitochondrial fusion,,,Peripheral,Peripheral,Automated keyword classification from reference metadata/title text; requires audit
71,"Del Dotto, V., Mishra, P., Vidoni, S., Fogazza, M., Maresca, A., Caporali, L., McCaffery, J.M., Cappelletti, M., Baruffini, E., Lenaers, G., Chan, D., Rugolo, M., & Carelli, V. (2021). Identification of the new OPA1 cleavage site reveals that short isoforms regulate mitochondrial fusion. Molecular Biology of the Cell, 32(2), 180–197. https://doi.org/10.1091/mbc.E20-09-0605",OPA1,mitochondrial fusion,,,Mechanistically relevant,Mechanistic support,Automated keyword classification from reference metadata/title text; requires audit
72,"Fry, M.Y., Navarro, P.P., Hakim, P., Ananda, V.Y., Qin, X., Landoni, J.C., Rath, S., Inde, Z., Lugo, C.M., Luce, B.E., Ge, Y., McDonald, J.L., Ali, I., Ha, L.L., Kleinstiver, B.P., Chan, D.C., Sarosiek, K.A., & Chao, L.H. (2024). In situ architecture of Opa1-dependent mitochondrial cristae remodeling. EMBO Journal, 43(3), 391–413. https://doi.org/10.1038/s44318-024-00027-2",OPA1,mitochondrial fusion; mitochondrial ROS,,,Mechanistically relevant,Mechanistic support,Automated keyword classification from reference metadata/title text; requires audit
73,"Lee, H., Smith, S.B., & Yoon, Y. (2017). The short variant of the mitochondrial dynamin OPA1 maintains mitochondrial energetics and cristae structure. Journal of Biological Chemistry, 292(17), 7115–7130. https://doi.org/10.1074/jbc.M116.762567",OPA1,mitochondrial fusion,,,Mechanistically relevant,Mechanistic support,Automated keyword classification from reference metadata/title text; requires audit
74,"Chen, H., Detmer, S.A., Ewald, A.J., Griffin, E.E., Fraser, S.E., & Chan, D.C. (2003). Mitofusins Mfn1 and Mfn2 coordinately regulate mitochondrial fusion and are essential for embryonic development. Journal of Cell Biology, 160(2), 189–200. https://doi.org/10.1083/jcb.200211046",MFN1; MFN2,mitochondrial fusion,,,Mechanistically relevant,Mechanistic support,Automated keyword classification from reference metadata/title text; requires audit
75,"de Brito, O.M., & Scorrano, L. (2008). Mitofusin 2 tethers endoplasmic reticulum to mitochondria. Nature, 456(7222), 605–610. https://doi.org/10.1038/nature07534",MFN2,mitochondrial fusion,,,Mechanistically relevant,Mechanistic support,Automated keyword classification from reference metadata/title text; requires audit
76,"Naón, D., Hernández-Alvarez, M.I., Shinjo, S., Wieczor, M., Ivanova, S., Martins de Brito, O., Quintana, A., Hidalgo, J., Palacín, M., Aparicio, P., Castellanos, J., Lores, L., Sebastián, D., Fernández-Veledo, S., Vendrell, J., Joven, J., Orozco, M., Zorzano, A., & Scorrano, L. (2023). Splice variants of mitofusin 2 shape the endoplasmic reticulum and tether it to mitochondria. Science, 380(6651), eadh9351. https://doi.org/10.1126/science.adh9351",MFN2,mitochondrial fusion,,,Mechanistically relevant,Mechanistic support,Automated keyword classification from reference metadata/title text; requires audit
77,"Muñoz, J.P., Ivanova, S., Sánchez-Wandelmer, J., Martínez-Cristóbal, P., Noguera, E., Sancho, A., Díaz-Ramos, A., Hernández-Álvarez, M.I., Sebastián, D., Mauvezin, C., Palacín, M., & Zorzano, A. (2013). Mfn2 modulates the UPR and mitochondrial function via repression of PERK. EMBO Journal, 32(17), 2348–2361. https://doi.org/10.1038/emboj.2013.168",MFN2,mitochondrial fusion; mitochondrial function,,,Mechanistically relevant,Mechanistic support,Automated keyword classification from reference metadata/title text; requires audit
78,"Sebastián, D., Sorianello, E., Segalés, J., Irazoki, A., Ruiz-Bonilla, V., Sala, D., Planet, E., Hernández-Álvarez, M.I., Muñoz, J.P., Cortés, C., Zierath, J.R., Serrano, A.L., & Zorzano, A. (2016). Mfn2 deficiency links age-related sarcopenia and impaired autophagy to activation of an adaptive mitophagy pathway. EMBO Journal, 35(15), 1677–1693. https://doi.org/10.15252/embj.201593084",MFN2,mitochondrial fusion; mitophagy; mitochondrial quality control,,,Peripheral,Peripheral,Automated keyword classification from reference metadata/title text; requires audit
79,"Li, J., Yang, Z., Song, H., Yang, L., Na, K., Mei, Z., Zhang, S., Liu, J., Xu, K., Yan, C., & Wang, X. (2024). The role of mitofusin 2 in regulating endothelial cell senescence: implications for vascular aging. iScience, 27(9), 110809. https://doi.org/10.1016/j.isci.2024.110809",MFN2,mitochondrial fusion,senescence; aging,,Directly relevant,Core gene/mechanism evidence,Automated keyword classification from reference metadata/title text; requires audit
80,"Li, J., Dang, X., Franco, A., & Dorn, G.W. (2022). Reciprocal regulation of mitofusin 2-mediated mitophagy and mitochondrial fusion by different PINK1 phosphorylation events. Frontiers in Cell and Developmental Biology, 10, 868465. https://doi.org/10.3389/fcell.2022.868465",MFN2; PINK1,mitochondrial fusion; mitophagy; mitochondrial quality control,,,Mechanistically relevant,Mechanistic support,Automated keyword classification from reference metadata/title text; requires audit
81,"Kondapalli, C., Kazlauskaite, A., Zhang, N., Woodroof, H.I., Campbell, D.G., Gourlay, R., Burchell, L., Walden, H., Macartney, T.J., Deak, M., Knebel, A., Alessi, D.R., & Muqit, M.M.K. (2012). PINK1 is activated by mitochondrial membrane potential depolarization and stimulates Parkin E3 ligase activity by phosphorylating Serine 65. Open Biology, 2(5), 120080. https://doi.org/10.1098/rsob.120080",PINK1; PRKN/PARK2,mitophagy,,,Mechanistically relevant,Mechanistic support,Automated keyword classification from reference metadata/title text; requires audit
82,"Thayer, J.A., Petersen, J.D., Huang, X., Gruel Budet, L.M., Hawrot, J., Ramos, D.M., Sekine, S., Li, Y., Ward, M.E., & Narendra, D.P. (2025). A unified mechanism for mitochondrial damage sensing in PINK1-Parkin-mediated mitophagy. EMBO Journal, 45(1), 64–105. https://doi.org/10.1038/s44318-025-00604-z",PINK1; PRKN/PARK2,mitophagy; mitochondrial quality control,,,Mechanistically relevant,Mechanistic support,Automated keyword classification from reference metadata/title text; requires audit
83,"Kelly, G., Kataura, T., Panek, J., Ma, G., Salmonowicz, H., Davis, A., Kendall, H., Brookes, C., Ayine-Tora, D.M., Banks, P., Nelson, G., Dobby, L., Pitrez, P.R., Booth, L., Costello, L., Richardson, G.D., Lovat, P., Przyborski, S., Ferreira, L., Greaves, L., Szczepanowska, K., von Zglinicki, T., Miwa, S., Brown, M., Flagler, M., Oblong, J.E., Bascom, C.C., Carroll, B., Reynisson, J., & Korolchuk, V.I. (2024). Suppressed basal mitophagy drives cellular aging phenotypes that can be reversed by a p62-targeting small molecule. Developmental Cell, 59(15), 1924–1939. https://doi.org/10.1016/j.devcel.2024.04.020",,mitophagy; mitochondrial quality control,aging,,Mechanistically relevant,Mechanistic support,Automated keyword classification from reference metadata/title text; requires audit
84,"Victorelli, S., Salmonowicz, H., Chapman, J., Martini, H., Vizioli, M.G., Riley, J.S., Cloix, C., Hall-Younger, E., Machado Espindola-Netto, J., Jurk, D., Lagnado, A.B., Sales Gomez, L., Farr, J.N., Saul, D., Reed, R., Kelly, G., Eppard, M., Greaves, L.C., Dou, Z., Pirius, N., Szczepanowska, K., Porritt, R.A., Huang, H., Huang, T.Y., Mann, D.A., Masuda, C.A., Khosla, S., Dai, H., Kaufmann, S.H., Zacharioudakis, E., Gavathiotis, E., LeBrasseur, N.K., Lei, X., Sainz, A.G., Korolchuk, V.I., Adams, P.D., Shadel, G.S., Tait, S.W.G., & Passos, J.F. (2023). Apoptotic stress causes mtDNA release during senescence and drives the SASP. Nature, 622(7983), 627–636. https://doi.org/10.1038/s41586-023-06621-4",,mtDNA/cGAS-STING,senescence; sasp,,Mechanistically relevant,Mechanistic support,Automated keyword classification from reference metadata/title text; requires audit
85,"Bock, F.J., & Tait, S.W.G. (2020). Mitochondria as multifaceted regulators of cell death. Nature Reviews Molecular Cell Biology, 21(2), 85–100. https://doi.org/10.1038/s41580-019-0173-8",,,,,Background,Background,Automated keyword classification from reference metadata/title text; requires audit
86,"West, A.P., Khoury-Hanold, W., Staron, M., Tal, M.C., Pineda, C.M., Lang, S.M., Bestwick, M., Duguay, B.A., Raimundo, N., MacDuff, D.A., Kaech, S.M., Smiley, J.R., Means, R.E., Iwasaki, A., & Shadel, G.S. (2015). Mitochondrial DNA stress primes the antiviral innate immune response. Nature, 520(7548), 553–557. https://doi.org/10.1038/nature14156",,,,,Background,Background,Automated keyword classification from reference metadata/title text; requires audit
87,"Tigano, M., Vargas, D.C., Tremblay-Belzile, S., Fu, Y., & Sfeir, A. (2021). Nuclear sensing of breaks in mitochondrial DNA enhances immune surveillance. Nature, 591(7850), 477–481. https://doi.org/10.1038/s41586-021-03269-w",,,,,Background,Background,Automated keyword classification from reference metadata/title text; requires audit
88,"Nacarelli, T., Lau, L., Fukumoto, T., Zundell, J., Fatkhutdinov, N., Wu, S., Aird, K.M., Iwasaki, O., Kossenkov, A.V., Schultz, D., Noma, K.-I., Baur, J.A., Schug, Z., Tang, H.-Y., Speicher, D.W., David, G., & Zhang, R. (2019). NAD+ metabolism governs the proinflammatory senescence-associated secretome. Nature Cell Biology, 21(3), 397–407. https://doi.org/10.1038/s41556-019-0287-4",,NAD metabolism,senescence,,Mechanistically relevant,Mechanistic support,Automated keyword classification from reference metadata/title text; requires audit
89,"Curnock, R., Yalci, K., Palmfeldt, J., Jäättelä, M., Liu, B., & Carroll, B. (2023). TFEB-dependent lysosome biogenesis is required for senescence. EMBO Journal, 42(9), e111241. https://doi.org/10.15252/embj.2022111241",,,senescence,,Background,Background,Automated keyword classification from reference metadata/title text; requires audit
90,"Gomes, L.C., Di Benedetto, G., & Scorrano, L. (2011). During autophagy mitochondria elongate, are spared from degradation and sustain cell viability. Nature Cell Biology, 13(5), 589–598. https://doi.org/10.1038/ncb2220",,,,,Background,Background,Automated keyword classification from reference metadata/title text; requires audit
91,"Cassidy-Stone, A., Chipuk, J.E., Ingerman, E., Song, C., Yoo, C., Kuwana, T., Kurth, M.J., Shaw, J.T., Hinshaw, J.E., Green, D.R., & Nunnari, J. (2008). Chemical inhibition of the mitochondrial division dynamin reveals its role in Bax/Bak-dependent mitochondrial outer membrane permeabilization. Developmental Cell, 14(2), 193–204. https://doi.org/10.1016/j.devcel.2007.11.019",,mitochondrial fission,,,Mechanistically relevant,Mechanistic support,Automated keyword classification from reference metadata/title text; requires audit
92,"Franco, A., Kitsis, R.N., Fleischer, J.A., Gavathiotis, E., Kornfeld, O.S., Gong, G., Biris, N., Benz, A., Qvit, N., Donnelly, S.K., Chen, Y., Mennerick, S., Hodgson, L., Mochly-Rosen, D., & Dorn, G.W. (2016). Correcting mitochondrial fusion by manipulating mitofusin conformations. Nature, 540(7631), 74–79. https://doi.org/10.1038/nature20156",,mitochondrial fusion; mitochondrial ROS,,,Mechanistically relevant,Mechanistic support,Automated keyword classification from reference metadata/title text; requires audit
93,"Yoshino, J., Baur, J.A., & Imai, S.I. (2018). NAD+ intermediates: the biology and therapeutic potential of NMN and NR. Cell Metabolism, 27(3), 513–528. https://doi.org/10.1016/j.cmet.2017.11.002",,NAD metabolism,,,Peripheral,Peripheral,Automated keyword classification from reference metadata/title text; requires audit
94,"Justice, J.N., Nambiar, A.M., Tchkonia, T., LeBrasseur, N.K., Pascual, R., Hashmi, S.K., Prata, L., Masternak, M.M., Kritchevsky, S.B., Musi, N., & Kirkland, J.L. (2019). Senolytics in idiopathic pulmonary fibrosis: results from a first-in-human, open-label, pilot study. EBioMedicine, 40, 554–563. https://doi.org/10.1016/j.ebiom.2018.12.052",,mitochondrial ROS,,,Peripheral,Peripheral,Automated keyword classification from reference metadata/title text; requires audit
95,"Islam, M.T., Tuday, E., Allen, S., Kim, J., Trott, D.W., Holland, W.L., Donato, A.J., & Lesniewski, L.A. (2023). Senolytic drugs, dasatinib and quercetin, attenuate adipose tissue inflammation and ameliorate metabolic dysfunction in old mice. Aging Cell, 22(2), e13767. https://doi.org/10.1111/acel.13767",,,aging,,Background,Background,Automated keyword classification from reference metadata/title text; requires audit
96,"Jones, R.G., Plas, D.R., Kubek, S., Buzzai, M., Mu, J., Xu, Y., Birnbaum, M.J., & Thompson, C.B. (2005). AMP-activated protein kinase induces a p53-dependent metabolic checkpoint. Molecular Cell, 18(3), 283–293. https://doi.org/10.1016/j.molcel.2005.03.027",,,,,Peripheral,Peripheral,Automated keyword classification from reference metadata/title text; requires audit
97,"Carroll, B., Nelson, G., Rabanal-Ruiz, Y., Kucheryavenko, O., Dunhill-Turner, N.A., Chesterman, C.C., Zahari, Q., Zhang, T., Conduit, S.E., Mitchell, C.A., Maddocks, O.D.K., Lovat, P., von Zglinicki, T., & Korolchuk, V.I. (2017). Persistent mTORC1 signaling in cell senescence results from defects in amino acid and growth factor sensing. Journal of Cell Biology, 216(7), 1949–1957. https://doi.org/10.1083/jcb.201610113",,mTOR/AMPK signaling,senescence,,Mechanistically relevant,Mechanistic support,Automated keyword classification from reference metadata/title text; requires audit
98,"Carroll, B., & Korolchuk, V.I. (2018). Nutrient sensing, growth and senescence. FEBS Journal, 285(11), 1948–1958. https://doi.org/10.1111/febs.14400",,,senescence,,Background,Background,Automated keyword classification from reference metadata/title text; requires audit
99,"Morita, M., Gravel, S.P., Chénard, V., Sikström, K., Zheng, L., Alain, T., Gandin, V., Avizonis, D., Arguello, M., Zakaria, C., McLaughlan, S., Nouet, Y., Pause, A., Pollak, M., Gottlieb, E., Larsson, O., St-Pierre, J., Topisirovic, I., & Sonenberg, N. (2013). mTORC1 controls mitochondrial activity and biogenesis through 4E-BP-dependent translational regulation. Cell Metabolism, 18(5), 698–711. https://doi.org/10.1016/j.cmet.2013.10.001",,mTOR/AMPK signaling,,,Mechanistically relevant,Mechanistic support,Automated keyword classification from reference metadata/title text; requires audit
100,"Rodgers, J.T., Lerin, C., Haas, W., Gygi, S.P., Spiegelman, B.M., & Puigserver, P. (2005). Nutrient control of glucose homeostasis through a complex of PGC-1α and SIRT1. Nature, 434(7029), 113–118. https://doi.org/10.1038/nature03354",,,,,Peripheral,Peripheral,Automated keyword classification from reference metadata/title text; requires audit
101,"Luck, K., Kim, D.K., Lambourne, L., Spirohn, K., Begg, B.E., Bian, W., Brignall, R., Cafarelli, T., Campos-Laborie, F.J., Charloteaux, B., Choi, D., Coté, A.G., Daley, M., Deimling, S., Desbuleux, A., Dricot, A., Gebbia, M., Hardy, M.F., Kishore, N., Knapp, J.J., Kovács, I.A., Lemmens, I., Mee, M.W., Mellor, J.C., Pollis, C., Pons, C., Richardson, A.D., Schlabach, S., Teekhapuanyakul, B., Tomkins-Tinch, C., Uhlen, M., & Vidal, M. (2020). A reference map of the human binary protein interactome. Nature, 580(7803), 402–408. https://doi.org/10.1038/s41586-020-2188-x",,,,,Peripheral,Peripheral,Automated keyword classification from reference metadata/title text; requires audit
102,"Su, G., Morris, J.H., Demchak, B., & Bader, G.D. (2014). Biological network exploration with Cytoscape 3. Current Protocols in Bioinformatics, 47, 8.13.1–8.13.24. https://doi.org/10.1002/0471250953.bi0813s47",,,,cytoscape; network,Methodologically relevant,Methods/pipeline knowledge,Automated keyword classification from reference metadata/title text; requires audit
103,"Quirós, P.M., Mottis, A., & Auwerx, J. (2016). Mitonuclear communication in homeostasis and stress. Nature Reviews Molecular Cell Biology, 17(4), 213–226. https://doi.org/10.1038/nrm.2016.23",,NAD metabolism,,,Peripheral,Peripheral,Automated keyword classification from reference metadata/title text; requires audit
104,"Mottis, A., Herzig, S., & Auwerx, J. (2019). Mitocellular communication: Shaping health and disease. Science, 366(6464), 827–832. https://doi.org/10.1126/science.aax3768",,,,,Peripheral,Peripheral,Automated keyword classification from reference metadata/title text; requires audit
105,"Dookun, E., Passos, J.F., Arthur, H.M., & Richardson, G.D. (2022). Therapeutic potential of senolytics in cardiovascular disease. Cardiovascular Drugs and Therapy, 36(1), 187–196. https://doi.org/10.1007/s10557-020-07075-w",,,,,Peripheral,Peripheral,Automated keyword classification from reference metadata/title text; requires audit
106,"Barzilai, N., Crandall, J.P., Kritchevsky, S.B., & Espeland, M.A. (2016). Metformin as a tool to target aging. Cell Metabolism, 23(6), 1060–1065. https://doi.org/10.1016/j.cmet.2016.05.011",,,aging,,Background,Background,Automated keyword classification from reference metadata/title text; requires audit
107,"Oyewole, A.O., & Birch-Machin, M.A. (2015). Mitochondria-targeted antioxidants. FASEB Journal, 29(12), 4766–4771. https://doi.org/10.1096/fj.15-275404",,,,,Background,Background,Automated keyword classification from reference metadata/title text; requires audit
108,"Apostolova, N., Iannantuoni, F., Gruevska, A., Munté, J., Rocha, M., & Victor, V.M. (2020). Mechanisms of action of metformin in type 2 diabetes: effects on mitochondria and leukocyte-endothelium interactions. Redox Biology, 34, 101517. https://doi.org/10.1016/j.redox.2020.101517",,,,,Background,Background,Automated keyword classification from reference metadata/title text; requires audit
109,"Bradley, E., & Haran, J. (2024). The human gut microbiome and aging. Gut Microbes, 16(1), 2359677. https://doi.org/10.1080/19490976.2024.2359677",,,aging,,Background,Background,Automated keyword classification from reference metadata/title text; requires audit
110,"Jang, D.H., Shin, J.W., Shim, E., Ohtani, N., & Jeon, O.H. (2024). The connection between aging, cellular senescence and gut microbiome alterations: A comprehensive review. Aging Cell, 23(10), e14315. https://doi.org/10.1111/acel.14315",,,cellular senescence; senescence; aging,,Background,Background,Automated keyword classification from reference metadata/title text; requires audit
111,"Rees, N.P., Conway, J., Dugan, B., Amir, S.S., Parker, A., Carding, S.R., & Duggal, N.A. (2025). Defining microbiota-derived metabolite butyrate as a senomorphic: Therapeutic potential in the age-related T cell senescence. Aging Cell, e70257. https://doi.org/10.1111/acel.70257",,,senescence; aging,,Background,Background,Automated keyword classification from reference metadata/title text; requires audit
112,"Wan, W., Hua, F., Fang, P., Li, C., Deng, F., Chen, S., Ying, J., & Wang, X. (2022). Regulation of mitophagy by sirtuin family proteins: A vital role in aging and age-related diseases. Frontiers in Aging Neuroscience, 14, 845330. https://doi.org/10.3389/fnagi.2022.845330",,mitophagy; mitochondrial quality control; mitochondrial ROS,aging,,Mechanistically relevant,Mechanistic support,Automated keyword classification from reference metadata/title text; requires audit
113,"Andreux, P.A., Blanco-Bose, W., Ryu, D., Burdet, F., Ibberson, M., Aebischer, P., Auwerx, J., Singh, A., & Rinsch, C. (2019). The mitophagy activator urolithin A is safe and induces a molecular signature of improved mitochondrial and cellular health in humans. Nature Metabolism, 1, 595–603. https://doi.org/10.1038/s42255-019-0073-4",,mitophagy; mitochondrial quality control,,,Mechanistically relevant,Mechanistic support,Automated keyword classification from reference metadata/title text; requires audit
114,"Lynch, S., Boyett, J.E., Smith, M.R., & Giordano-Mooga, S. (2021). Sex hormone regulation of proteins modulating mitochondrial metabolism, dynamics and inter-organellar cross talk in cardiovascular disease. Frontiers in Cell and Developmental Biology, 8, 610516. https://doi.org/10.3389/fcell.2020.610516",,mitochondrial ROS,,,Mechanistically relevant,Mechanistic support,Automated keyword classification from reference metadata/title text; requires audit
115,"Piños, T., Nogales-Gadea, G., Ruiz, J.R., Rodríguez-Romo, G., Santiago-Dorrego, C., Fiuza-Luces, C., Gómez-Gallego, F., Cano-Nieto, A., Garatachea, N., Morán, M., Martín, M.A., Arenas, J., Andreu, A.L., & Lucia, A. (2012). Are mitochondrial haplogroups associated with extreme longevity? A study on a Spanish cohort. Age (Dordrecht), 34(1), 227–233. https://doi.org/10.1007/s11357-011-9209-5",,,,,Background,Background,Automated keyword classification from reference metadata/title text; requires audit
116,"GTEx Consortium. (2020). The GTEx Consortium atlas of genetic regulatory effects across human tissues. Science, 369(6509), 1318–1330. https://doi.org/10.1126/science.aaz1776",,mitochondrial ROS,,,Peripheral,Peripheral,Automated keyword classification from reference metadata/title text; requires audit
117,"Viechtbauer, W. (2010). Conducting meta-analyses in R with the metafor package. Journal of Statistical Software, 36(3), 1–48. https://doi.org/10.18637/jss.v036.i03",,,,metafor,Methodologically relevant,Methods/pipeline knowledge,Automated keyword classification from reference metadata/title text; requires audit
118,"Langfelder, P., & Horvath, S. (2008). WGCNA: an R package for weighted correlation network analysis. BMC Bioinformatics, 9, 559. https://doi.org/10.1186/1471-2105-9-559",,,,wgcna; network,Methodologically relevant,Methods/pipeline knowledge,Automated keyword classification from reference metadata/title text; requires audit
119,"Hao, Y., Stuart, T., Kowalski, M.H., Choudhary, S., Hoffman, P., Hartman, A., Srivastava, A., Molla, G., Madad, S., Fernandez-Granda, C., & Satija, R. (2023). Dictionary learning for integrative, multimodal and scalable single-cell analysis. Nature Biotechnology, 42, 293–304. https://doi.org/10.1038/s41587-023-01767-y",,,,single-cell,Methodologically relevant,Methods/pipeline knowledge,Automated keyword classification from reference metadata/title text; requires audit
120,"Argelaguet, R., Arnol, D., Bredikhin, D., Deloro, Y., Velten, B., Marioni, J.C., & Stegle, O. (2020). MOFA+: a statistical framework for comprehensive integration of multi-modal single-cell data. Genome Biology, 21, 111. https://doi.org/10.1186/s13059-020-02015-1",,,,single-cell; mofa,Methodologically relevant,Methods/pipeline knowledge,Automated keyword classification from reference metadata/title text; requires audit
121,"Kim, D., Paggi, J.M., Park, C., Bennett, C., & Salzberg, S.L. (2019). Graph-based genome alignment and genotyping with HISAT2 and HISAT-genotype. Nature Biotechnology, 37(8), 907–915. https://doi.org/10.1038/s41587-019-0201-4",,,,hisat2,Methodologically relevant,Methods/pipeline knowledge,Automated keyword classification from reference metadata/title text; requires audit
122,"Love, M.I., Huber, W., & Anders, S. (2014). Moderated estimation of fold change and dispersion for RNA-seq data with DESeq2. Genome Biology, 15(12), 550. https://doi.org/10.1186/s13059-014-0550-8",,,,rna-seq; deseq2,Methodologically relevant,Methods/pipeline knowledge,Automated keyword classification from reference metadata/title text; requires audit
123,"Campisi, J., Kapahi, P., Lithgow, G.J., Melov, S., Newman, J.C., & Verdin, E. (2019). From discoveries in ageing research to therapeutics for healthy ageing. Nature, 571(7764), 183–192. https://doi.org/10.1038/s41586-019-1365-2",,,ageing,,Background,Background,Automated keyword classification from reference metadata/title text; requires audit
124,"Rea, I.M., Gibson, D.S., McGilligan, V., McNerlan, S.E., Alexander, H.D., & Ross, O.A. (2018). Age and Age-Related Diseases: Role of Inflammation Triggers and Cytokines. Frontiers in Immunology, 9, 586. https://doi.org/10.3389/fimmu.2018.00586",,mitochondrial ROS,,,Peripheral,Peripheral,Automated keyword classification from reference metadata/title text; requires audit
125,"Suen, D.F., Norris, K.L., & Youle, R.J. (2008). Mitochondrial dynamics and apoptosis. Genes & Development, 22(12), 1577–1590. https://doi.org/10.1101/gad.1658508",,,,,Background,Background,Automated keyword classification from reference metadata/title text; requires audit
126,"Rabanal-Ruiz, Y., & Korolchuk, V.I. (2018). mTORC1 and nutrient homeostasis: the central role of the lysosome. International Journal of Molecular Sciences, 19(3), 818. https://doi.org/10.3390/ijms19030818",,mTOR/AMPK signaling,,,Peripheral,Peripheral,Automated keyword classification from reference metadata/title text; requires audit
127,"Rambold, A.S., Kostelecky, B., Elia, N., & Lippincott-Schwartz, J. (2011). Tubular network formation protects mitochondria from autophagosomal degradation during nutrient starvation. PNAS, 108(25), 10190–10195. https://doi.org/10.1073/pnas.1107402108",,,,network,Background,Background,Automated keyword classification from reference metadata/title text; requires audit
